ID,grade
3582,B
60498,C
53227,B
21333,C
3885,D
51521,A
84261,B
10685,A
59948,C
41032,A
25747,A
44303,B
83813,C
61991,C
49392,C
37116,B
65942,C
2216,B
81749,B
77996,D
30999,B
18294,E
81976,D
29876,A
85471,C
8959,A
70029,D
28324,A
50521,C
89741,D
8350,C
4655,A
90049,A
66296,C
35416,C
50253,E
46535,C
65667,C
56112,C
69884,C
69132,A
27954,B
45096,C
83141,A
7413,C
52692,B
27712,C
47173,D
47393,D
87379,B
54234,C
95572,B
1066,C
16820,C
55800,B
19767,A
54654,B
91959,D
46004,A
18632,C
92173,B
38806,C
3026,B
89926,B
40109,C
14664,D
43105,A
70847,A
64523,C
13303,B
22321,D
96669,D
822,B
67521,B
75286,C
14085,B
32500,C
73097,D
48652,A
90432,C
70715,C
98809,E
71060,B
16201,B
29565,A
43959,A
45976,C
57881,A
60515,B
11951,C
32239,C
1331,B
30578,A
80285,B
55407,C
95350,B
54177,C
63741,B
62122,D
26493,C
60005,A
74007,D
345,C
43895,C
15471,D
17226,B
31180,C
9221,D
38525,C
48805,C
66691,B
33411,C
24702,B
38259,D
65520,D
40280,B
85270,C
40425,B
30407,B
36017,D
24852,B
68371,C
32893,D
86902,C
66295,B
355,C
90756,C
45862,C
28100,C
94411,C
3854,A
39856,D
41824,C
16750,B
28809,A
94166,C
91124,C
61589,A
20823,C
43441,B
56613,A
52589,C
26549,A
35198,B
46955,B
21550,C
62616,C
78921,B
81448,A
69202,B
51265,C
12987,B
79336,E
23942,A
77445,B
42389,B
16047,B
23286,B
15264,B
43985,D
22072,D
70123,A
24951,D
32543,B
63373,D
83691,B
11216,C
34462,D
44808,A
6642,B
28167,E
42282,B
63064,C
21589,A
75351,C
57225,B
35206,B
69677,C
95690,C
46869,B
42790,A
46511,A
12868,A
42975,C
74099,C
43605,D
33518,B
7341,E
11980,D
22312,C
66408,C
78556,B
30510,C
86477,A
71890,A
74244,A
96072,C
66171,C
31186,C
36740,C
4084,B
54732,C
47751,B
44205,C
16479,A
52242,A
50216,B
56727,D
89805,C
54214,A
68685,C
73884,C
4425,A
55430,A
4904,C
71480,B
48845,C
77927,B
90720,A
76195,D
15630,D
19512,C
6026,C
42511,B
53234,B
65407,D
16150,A
59416,C
99940,B
34060,B
20159,C
30055,B
66922,B
1696,B
58952,D
86440,C
18476,C
76125,C
42020,A
43980,D
29449,C
49200,B
49135,B
34245,C
77921,D
57836,C
54644,C
91832,A
68783,C
14554,A
45428,C
91646,B
86976,C
94424,B
93158,A
53565,B
53124,B
77397,C
34187,C
35420,D
78266,D
31660,C
5088,B
94723,C
20500,D
27590,B
77439,B
30899,C
96911,B
18759,C
71812,B
48378,C
17974,B
61197,B
21657,C
78025,C
99961,C
57042,C
85544,A
45294,B
26155,D
8410,C
50538,C
60706,B
67573,A
77680,B
20498,B
81261,B
73987,C
62383,B
11607,C
67999,B
81530,B
8750,A
4368,D
41448,B
5159,D
83392,A
70870,B
28738,D
52384,B
64021,B
28305,C
28941,B
22324,C
94751,C
59801,A
65399,B
42618,D
10109,B
31886,C
18457,C
34841,D
96263,C
16685,B
30404,D
43364,D
96876,B
57498,C
73693,A
34442,B
86034,C
39561,B
64712,C
70485,C
26902,C
3731,C
44271,B
24653,C
81797,B
20513,B
61776,B
12277,D
16988,C
71932,B
24021,C
23779,D
61032,B
24548,D
76708,C
91238,C
16976,A
32970,C
81465,A
35815,D
69358,B
29492,D
35521,B
46995,B
13968,C
97721,B
58737,B
3297,C
5399,B
40678,B
64365,D
24484,C
23236,B
49450,C
31185,A
9299,D
44884,C
38059,C
35597,C
97087,D
184,C
68271,A
9258,C
25911,D
94673,A
78946,B
38721,B
68697,D
43338,B
22532,C
240,C
10186,A
56309,C
438,B
11271,D
92170,B
9232,A
99248,A
98038,C
16713,B
47092,B
81142,A
25970,C
96345,B
28417,A
76580,B
99035,C
49129,D
51135,D
75715,C
46484,B
35170,B
78185,B
20236,C
16847,B
21045,D
68708,D
16969,C
42125,B
51327,B
305,D
23795,B
51372,C
13653,B
86861,C
45803,C
72245,C
90785,D
63971,B
45539,B
13302,D
62451,C
12554,C
6071,E
96853,B
61853,A
87097,B
64519,C
12379,B
53956,C
68171,B
54633,D
32222,B
19364,C
99788,C
29207,B
66560,C
12656,C
87602,C
63760,C
89807,C
86006,C
49784,D
97718,C
21948,A
9160,A
89131,C
1422,C
29171,A
40820,A
38251,C
24796,D
97051,B
19397,B
46586,B
59720,D
72462,B
7886,B
17411,A
61545,B
29231,C
49277,B
30986,C
89216,B
81115,B
98316,C
47503,C
16844,C
42884,D
40360,C
76398,B
23436,C
30121,B
95676,C
10101,B
7838,C
3057,D
65184,A
84685,A
75506,B
70160,A
70590,D
95567,D
95501,A
48881,C
5616,D
43765,D
73747,C
86060,C
90875,A
72348,C
59314,C
26803,D
40276,C
986,B
63656,C
52174,A
57381,A
45893,A
68247,B
85653,A
19532,B
46696,C
83944,C
4690,C
97209,A
97337,C
54464,A
74706,C
80742,C
38625,A
78541,C
36170,B
22340,B
32409,C
19187,B
15005,B
75979,A
59974,C
32057,B
56196,C
26357,C
93241,B
71761,C
66261,C
60217,C
89093,E
63301,E
74832,B
90583,C
60078,C
68006,C
96161,B
34216,C
67794,A
52123,C
22969,D
81387,B
73543,E
82095,D
52670,C
92215,D
50345,D
94717,C
87574,C
61867,A
21170,D
68130,A
72706,C
59384,B
33252,C
89905,D
78217,D
41894,B
24818,D
89580,B
79935,A
94180,D
60528,D
43097,C
67697,B
16221,D
11631,B
20280,A
11224,C
14850,B
82232,C
56395,C
57015,B
75242,C
2930,C
3649,C
84317,C
79126,C
13064,B
24778,D
74084,C
25043,D
87128,A
31170,C
98516,D
1925,C
48076,E
71495,D
84117,B
22403,D
61426,A
54375,C
9928,A
81378,C
77836,A
51744,D
32530,A
7887,B
85841,B
49692,D
61981,B
3570,B
14000,B
88965,B
36788,A
1238,A
18412,C
20792,B
64195,A
97474,A
55223,C
75921,A
43124,A
37811,D
63865,C
50153,C
33982,D
79534,B
75236,C
46691,B
56540,C
73895,D
54437,D
13539,A
46006,B
44175,D
46328,B
60547,B
49471,C
53053,C
6219,D
98787,C
17301,C
6322,C
87220,D
73864,B
55655,A
6245,B
30476,C
64609,A
47462,C
35843,B
46658,A
74221,A
32890,A
37058,B
46408,A
55029,C
64625,C
95165,B
6045,C
55942,C
79486,C
93800,D
7642,B
65587,B
25588,B
46667,B
26328,C
30489,C
15133,C
62410,A
20526,D
76751,B
38270,C
57937,C
71201,B
24213,C
10272,A
19735,A
18413,D
69261,C
13584,D
5095,B
84965,C
28144,C
48835,A
71481,B
44136,D
72891,E
92723,B
74784,C
43965,A
97297,A
84599,B
85683,C
35241,C
76976,A
82633,C
87006,C
46353,B
19467,A
61615,C
63053,C
4725,C
11431,B
28464,B
15938,D
29631,D
35828,C
54970,B
65138,C
8127,A
41371,B
72686,B
12919,C
35408,C
3780,B
33373,B
1432,C
28162,B
63020,D
53265,C
72314,D
50132,B
52423,E
85503,C
41632,C
78640,C
88008,A
35688,D
44035,C
36023,C
44508,B
7484,B
94297,A
36382,C
22762,C
50946,B
74345,D
56675,A
87105,A
60805,C
36401,D
99758,C
89448,C
2408,A
41901,D
33347,B
26399,C
36128,A
24595,D
70337,D
44679,C
51312,D
10557,C
13461,B
74620,C
369,B
83001,B
48830,C
43506,B
52310,B
82438,C
80331,C
33757,C
42552,C
88894,E
60246,A
48158,B
33442,B
2377,B
9301,A
1531,C
84351,B
17178,C
90221,B
94553,C
11710,C
41431,B
3596,C
71502,C
65951,D
52886,C
67204,A
20921,C
77349,D
75297,B
75875,A
1657,C
15014,C
46826,B
1712,C
93810,C
19832,D
69973,C
54089,B
16270,A
50436,B
91075,E
42287,C
63073,D
4720,C
44351,D
9653,D
47939,C
43856,B
39391,B
35759,A
92855,C
63361,A
94720,C
60279,A
98797,C
66656,E
68968,D
23929,C
95095,C
20832,C
43173,D
53850,C
71074,A
31381,C
90146,C
83732,D
62321,C
47810,B
78041,B
17245,A
9679,C
20575,A
15799,D
52988,C
61190,B
83890,D
59057,B
6866,C
87796,B
7170,C
77565,C
41910,D
38222,C
41249,D
84514,C
48269,C
89458,B
82584,B
79419,C
49543,B
24175,B
82286,A
15429,C
88243,C
8619,C
57187,B
54862,D
95484,A
22378,B
37640,D
85265,A
6474,C
92505,A
63651,D
39147,D
60244,C
16737,B
2314,B
34068,B
33060,C
43667,C
57701,C
38402,A
9285,B
75336,C
82128,C
12778,B
54640,D
22681,A
67925,A
20228,C
94259,C
69628,C
78357,C
88048,A
54434,D
70864,B
29079,A
19237,C
82511,B
96412,C
49364,C
59856,B
11441,C
73986,A
13424,B
40791,B
68503,D
99726,A
73316,B
54251,A
83267,B
48402,D
37899,B
48677,B
5056,C
93163,B
8153,A
20430,C
77421,C
55670,C
69752,D
42682,B
6534,A
73101,B
11145,B
93219,C
37928,B
63412,D
11666,C
3311,D
96915,C
74799,C
93464,D
31167,C
48471,A
88992,C
70324,D
25369,C
7303,A
94744,D
15567,B
70668,D
29976,B
23812,B
71158,D
7322,A
24375,A
93376,B
18256,B
95922,C
38230,A
6,C
48771,C
48513,D
11491,A
50660,D
787,A
96017,D
12382,A
18515,B
74512,B
16709,A
25426,C
98896,C
20017,C
28084,B
48943,B
12832,A
30815,C
3787,C
10677,B
94554,B
4083,D
45213,A
16636,C
60159,C
98639,C
20221,A
46652,D
99466,E
64568,B
80457,C
47095,C
12658,C
90289,D
67599,C
22524,A
53635,C
28939,B
35001,C
33142,B
37271,C
9441,B
21159,D
61670,C
43519,B
46848,A
19572,A
14944,A
6470,D
20596,A
19714,B
4589,B
52920,C
13679,C
87177,D
75758,D
86165,A
39528,B
45241,B
21136,B
22284,D
32296,C
56637,D
34585,D
12991,D
55717,A
12585,C
38351,B
78930,B
82173,C
2324,D
38128,A
70024,D
3473,E
17858,D
97530,A
14492,C
82863,A
49563,B
49733,A
87086,B
97372,D
11049,B
85351,A
27506,C
66891,A
10561,A
31701,C
93752,B
11715,D
88595,D
365,B
16718,B
3786,C
48037,C
71959,C
52844,D
89047,D
85560,C
86147,C
22322,C
47285,B
93318,B
32201,C
27845,B
99076,C
9099,B
52230,B
60435,C
80428,C
57713,C
84995,C
86538,A
25608,B
60252,C
75172,B
19341,B
16555,C
87678,B
80254,C
51647,C
76917,A
55656,B
33316,A
37537,C
60277,A
98149,C
41676,B
8598,B
93617,C
30084,C
3481,C
23405,B
12559,C
89791,B
43132,D
49179,D
93873,C
79859,B
816,D
61649,D
68759,D
18766,A
60824,E
70002,C
56528,C
31752,A
58622,D
35687,B
22262,B
67223,C
24191,A
76932,C
56438,C
3368,C
20762,A
74630,C
55773,D
14148,A
49384,B
12321,C
57994,C
97866,B
35142,B
69392,D
50188,A
84220,B
9069,C
30611,D
94740,B
31965,B
12869,D
47161,C
18232,C
87730,C
19720,B
49480,C
58103,D
99386,B
85246,C
57461,B
14518,C
43858,D
96018,B
41438,C
21677,C
73936,B
8920,C
63095,B
88804,A
61817,A
15018,A
23760,C
32376,B
17509,C
10260,B
55327,B
81275,B
6775,A
25800,D
54760,A
32640,B
20745,B
73904,B
51290,B
29542,D
20371,B
99760,A
25517,C
81092,C
86476,B
32980,A
23855,D
24695,B
94671,C
82767,B
22804,B
81735,A
80583,C
98939,C
77050,A
2896,C
44133,B
21858,C
26092,D
33527,B
90347,C
13080,D
51984,D
80000,B
59371,C
89368,B
27127,B
93458,B
27176,B
65145,C
63459,D
45239,C
41534,B
28397,B
8337,B
385,B
80102,D
99436,C
67183,C
57166,C
32198,C
32103,B
52183,A
41836,A
13865,D
97901,B
36206,B
27323,C
74821,C
78135,D
69604,C
98472,C
26392,B
47687,B
3358,D
40417,B
65797,A
95950,C
77957,B
91768,B
8807,B
78247,C
17277,C
82433,D
18485,D
8174,C
97571,C
82096,A
55757,C
90611,B
8296,B
96863,D
66361,C
31736,D
58441,D
81785,C
76244,C
99706,A
28524,C
31201,C
6063,A
35318,C
49702,C
98891,A
35285,A
41176,B
62193,B
70782,A
37632,C
77192,D
15842,C
50485,B
31895,A
79354,C
29100,C
48987,C
41850,C
18785,B
3437,B
44903,D
76387,C
89643,E
42407,D
63125,D
66256,C
58326,C
87939,B
90126,B
10309,B
34325,C
40667,A
28686,B
69831,C
94169,B
95773,B
41520,C
44276,C
65439,D
18557,B
72116,C
18224,C
31151,B
52762,C
34425,B
4836,C
37168,D
85078,A
62742,A
52216,C
10990,C
67097,C
73127,B
57780,D
77039,D
18829,D
98856,C
95631,C
55115,B
37680,A
93651,A
56267,B
94243,D
30565,C
2349,C
22917,B
63560,A
27030,C
11783,D
54517,C
3239,C
10879,C
72867,A
28636,C
2891,A
90725,C
32721,D
41157,A
22810,C
87118,B
62736,C
85042,C
13797,C
4800,C
21837,C
50752,A
10281,B
87989,B
17315,B
32760,A
37430,C
79886,D
8046,A
86355,B
93709,B
93648,A
72993,B
23153,A
85569,C
61657,B
7194,C
59049,B
88861,C
37723,A
69591,B
35940,C
9136,D
49759,C
51604,C
37539,A
45850,C
92553,C
21691,C
28720,B
68397,B
64601,C
19236,C
59644,B
77199,C
25233,B
88379,E
29953,B
19272,D
9555,C
80463,D
86916,B
37744,C
33361,D
40295,D
26820,B
97973,C
20654,D
44138,C
19923,B
67931,C
75695,A
8600,C
68837,C
12708,A
27907,B
76652,C
21328,C
98612,C
70242,C
98361,C
21420,A
9807,B
30599,C
45280,B
8990,C
16775,C
53162,C
28115,C
15531,D
57126,C
27679,B
84963,A
18819,B
16178,B
61355,B
69622,C
4449,C
3237,C
75965,A
44812,B
84457,A
43462,C
44409,C
89825,D
16131,C
73405,C
75727,C
25270,C
87864,B
60333,C
51865,B
67739,D
62204,D
75153,C
52013,B
44607,A
79412,E
99166,B
15310,A
42895,C
37840,C
79103,C
73648,D
78512,E
34806,C
66368,C
3221,C
32671,D
86037,C
46323,B
79097,C
16532,B
87106,D
38442,A
85227,C
10025,D
56241,C
81218,C
59290,C
89963,B
69227,C
59520,A
85756,C
89226,B
82885,A
13301,C
30851,D
43524,B
65740,B
90170,C
12482,D
10612,B
26866,C
6505,C
64645,B
96151,B
84986,D
37815,A
49728,C
36071,D
22021,C
35997,A
72338,C
33581,B
36127,B
63528,A
98792,A
33360,C
6033,D
49623,C
33984,B
66595,C
14417,C
38398,C
93921,D
92009,C
44021,A
41841,B
24499,B
5737,D
33263,C
49707,C
16069,C
63923,C
30217,B
20805,C
78672,B
51279,C
6795,B
99018,D
66470,C
91358,C
88027,C
90963,B
67000,A
61567,C
87370,C
1725,C
18816,C
78582,D
55356,D
85597,A
96411,B
14346,B
51952,D
86579,D
15446,B
98884,D
80795,D
56504,D
70585,B
53131,B
99943,B
22745,B
52949,C
2080,C
69206,C
19972,C
25471,B
98700,C
61031,C
87264,B
65781,C
24077,C
56994,B
94736,C
24089,B
15755,B
25,A
35680,C
77345,B
79433,C
72153,B
85287,C
98593,D
69998,B
87515,B
12414,B
52666,C
70482,C
76607,C
28783,B
75896,B
34019,B
43307,B
74154,C
25476,C
74041,C
80120,B
47677,C
74953,A
59327,A
49531,B
4363,B
918,E
4216,A
74200,C
56069,A
37411,D
77722,B
86894,C
23409,A
60727,C
95420,B
79357,B
88195,B
5935,C
32824,B
6490,C
10590,B
10725,B
47639,C
75456,B
97424,C
88169,C
70363,C
59986,C
30735,B
56836,C
57156,C
77080,D
91562,A
89613,B
4801,C
81552,B
30185,C
6680,B
22694,D
19420,C
68739,D
53952,B
58204,C
95959,D
11698,A
93613,B
92367,A
66558,B
93027,B
46342,A
18508,D
28606,E
6947,B
47156,C
37610,A
80864,B
62202,B
6753,C
11341,C
61602,D
20061,B
89495,B
18049,C
44433,B
72644,C
6703,B
60013,C
36182,C
57835,A
63945,C
97054,D
55046,B
2648,B
45195,A
54972,B
62482,B
52,C
96350,B
57904,A
11744,C
52585,B
53940,A
73639,D
57485,C
77433,B
65773,C
28386,C
29202,A
66168,C
70892,C
92514,C
14319,B
75023,B
68287,B
58752,B
58478,C
69061,B
48006,C
50805,B
17348,C
51418,B
91027,C
2463,B
17554,A
79592,C
72222,B
38254,D
69674,C
4992,D
36769,D
95035,A
18135,B
82601,B
28275,B
60917,C
63019,C
5081,C
45131,B
4490,B
47809,B
88366,C
81950,B
75936,A
69222,D
96532,C
92982,B
20660,D
91148,C
80735,B
89008,C
33093,C
613,C
71385,C
91515,D
47499,B
44770,C
66971,C
24267,C
66896,D
24912,C
88431,C
42967,A
7794,C
65947,D
78373,D
43093,C
76236,C
51701,D
71415,C
61815,C
49306,B
22701,D
29404,A
98857,C
64040,C
60955,C
8258,D
78321,C
93470,B
93819,B
47756,B
92851,A
94342,C
38514,A
86426,C
8854,C
21478,C
31056,B
97053,C
3729,D
33623,B
47893,A
46452,C
13518,B
63390,B
17370,A
45018,A
69909,D
3398,A
83191,C
64384,C
76261,D
34545,D
66975,B
12734,B
75548,D
53172,B
28848,D
80557,C
73406,B
24637,C
30983,A
56777,D
79761,C
37153,B
46181,B
92376,B
26,C
15682,B
98656,E
56965,C
56206,C
60800,C
8364,C
50747,A
45740,D
79286,C
74241,C
28483,A
61323,C
94467,A
43566,D
43794,C
15109,C
95327,C
9698,C
83624,A
91096,B
49292,C
14258,B
3126,A
13426,C
53392,B
31933,C
47745,C
94500,C
20150,E
67419,B
2055,B
8963,D
83827,B
68148,C
48855,C
93989,B
55127,D
62751,C
61785,B
90026,C
98467,C
14263,D
60834,C
12806,C
75033,C
9925,A
64867,A
71159,C
76542,B
70221,D
60305,C
78606,B
5061,D
28015,C
22329,A
4644,B
90740,B
60685,B
54364,C
7016,C
58757,B
52089,D
43784,A
61717,C
14844,C
61395,C
7647,C
74433,B
79849,A
35487,C
21694,C
76057,A
19996,C
92765,C
82222,B
86780,D
23387,B
7864,E
14136,C
1879,C
23219,B
22647,B
89554,C
6651,C
54062,E
26191,C
33579,B
50759,D
63734,A
50050,B
57379,B
54688,D
50598,A
98117,C
51539,D
21648,E
70397,D
16683,C
28113,A
28592,C
14318,D
10436,C
76498,B
9837,B
48228,C
79920,B
28539,C
17433,E
1155,C
51597,D
53694,B
78021,B
69513,D
24624,B
81062,B
41049,C
17851,C
97177,D
33517,D
15548,C
96125,D
39213,C
87998,C
11682,B
83005,C
50255,C
81997,C
9613,D
68802,C
51278,E
72356,C
97739,D
40124,A
14069,A
55222,E
75746,D
71704,D
66449,C
39065,C
2636,C
67984,B
38600,D
5423,C
43904,C
72677,C
11898,D
698,C
3942,A
2805,C
61764,D
65730,B
85829,A
92141,C
85008,C
39337,A
1353,C
64524,C
95286,B
37630,B
26110,B
13375,C
54492,A
18137,E
92822,B
95721,B
91469,B
31242,B
23676,B
4414,C
81876,A
6259,C
13963,E
44538,C
8384,B
8393,D
59918,C
48280,B
10509,B
64932,B
44031,B
98053,C
62974,B
38837,B
55533,C
72897,D
574,C
15789,B
43606,B
25833,B
29385,C
41664,E
43737,C
59933,C
6062,B
50944,B
74795,C
24423,C
932,B
27462,D
47548,C
22707,C
97743,B
11005,C
7338,B
5390,C
35354,C
80394,B
53703,C
72828,C
11579,A
57101,C
26827,C
48007,D
48300,C
67543,C
23602,A
78029,B
82413,B
38749,C
82060,C
36166,B
66333,A
96860,A
92864,C
50690,C
75257,B
89189,B
44755,A
62177,A
90316,A
61029,B
36299,A
19032,C
97947,C
4661,C
43725,B
25016,B
92207,B
25422,B
67190,D
80333,D
47045,D
24872,B
51542,C
68000,B
88058,C
16791,C
69083,D
1514,C
79042,A
57798,B
87156,D
85420,D
28806,B
59046,B
91958,C
47560,E
83462,A
47688,D
879,C
44302,B
64045,B
66950,B
64461,C
13962,C
79303,B
57110,B
87905,C
87851,A
79673,C
78056,A
75484,B
47423,A
66012,B
49064,A
62298,C
78708,B
7773,D
64236,B
43239,C
21249,C
86100,C
32000,C
84288,C
70028,C
97502,C
43498,C
9960,D
52566,B
96970,C
33192,C
52074,C
93531,B
95967,D
99298,D
4517,C
81131,B
73837,B
66771,B
52262,C
54800,C
29000,D
6484,D
66596,C
22514,C
22127,D
69753,B
57709,C
98119,D
91173,C
91249,C
44365,B
1194,D
39400,B
68283,C
89911,D
36287,C
66097,C
4341,B
81396,C
82607,B
1336,B
28225,C
56615,B
55303,C
39500,D
42939,E
1591,C
57438,C
59841,D
51708,B
33225,B
25722,C
86340,A
75692,D
19711,C
46852,D
9949,C
88745,B
74158,B
86051,C
95025,B
56898,C
48630,C
42543,E
13201,A
43872,A
51475,B
17803,D
21781,C
32870,D
8888,D
375,E
2008,A
6469,B
83576,B
97558,C
53966,B
95208,A
56669,C
97810,D
89377,B
17387,A
18101,C
24037,C
53775,B
98416,C
36051,D
16065,A
20342,B
55866,B
8771,B
32120,C
93636,C
65902,B
55750,D
8022,D
62578,D
7191,B
73785,B
85460,B
48486,C
46377,A
84737,D
88607,C
4124,A
36331,C
5976,C
32661,D
92089,B
83488,A
33125,B
12124,B
61235,C
31437,B
61852,B
44329,C
79519,A
44372,C
96747,D
21131,C
20169,A
57360,A
54243,B
89681,C
91803,C
9509,D
88390,C
78310,B
73219,B
47086,B
1319,C
95269,B
67661,C
13085,C
19330,C
36543,C
72560,C
38509,C
37459,D
63538,B
36242,A
33751,B
26730,C
59128,D
7576,C
67937,A
8851,C
47535,C
51082,C
45830,C
27560,B
46077,A
72110,A
99756,A
50882,C
52266,C
50987,B
67950,A
4446,A
41325,C
36062,A
24846,B
29973,A
75395,B
71613,B
68531,C
5701,A
73118,A
8154,B
12992,A
33849,B
14360,A
63484,C
32806,C
45188,B
61406,D
6835,A
13996,B
81161,C
16883,B
63611,B
87759,A
60365,A
40756,D
3593,E
42571,E
64387,C
33111,A
98945,B
97462,C
34328,C
28572,C
94036,D
83131,A
15635,C
54007,B
66817,B
88604,D
37298,C
39871,B
39067,E
801,D
20629,C
86158,D
20768,C
53318,C
17490,D
13105,B
54386,C
63221,A
40649,C
42080,D
18228,A
4439,B
45522,C
20802,A
23604,C
30033,D
68346,A
49348,B
48439,C
29621,C
34811,B
51894,B
2245,B
69124,C
47344,C
71387,D
70360,C
87054,C
93733,C
35846,B
51962,B
56226,C
20334,C
93668,C
95452,D
6271,C
34197,C
12243,B
6903,A
21685,B
40239,C
18770,C
92358,A
55288,D
32262,D
49791,C
9045,D
29189,C
88970,C
93537,B
3613,A
68469,D
26267,B
63748,A
10995,A
20936,C
1448,C
46971,C
41185,B
67625,B
27404,A
59324,B
46847,D
42015,C
93845,B
24383,B
77594,D
23184,C
82445,C
24466,A
46416,A
92156,B
98151,B
39429,C
93303,E
75529,C
54207,C
90152,D
76864,C
17674,D
74508,C
73152,C
77412,B
71037,B
77548,C
21532,C
45050,A
47157,C
51522,B
17896,C
40940,D
55440,A
8243,B
33022,C
24705,B
3858,B
74550,B
92739,B
72482,A
83181,A
53132,C
41818,C
69494,C
82004,B
54409,D
34802,A
16208,C
39334,A
98138,A
43772,C
76268,C
89424,C
58209,A
4356,A
86846,C
61375,C
90779,B
43126,B
19676,C
45323,D
70072,D
13833,B
95925,A
20810,A
22078,C
90303,B
42073,B
74991,B
26683,D
74556,A
17835,A
2067,C
26717,C
56832,C
54696,C
65812,C
61856,C
83652,C
10429,B
71950,D
18477,C
76315,C
16978,D
57576,A
60064,C
79788,C
28528,C
22504,A
51136,B
5723,B
65362,C
5749,C
45746,C
54570,B
49508,C
65380,D
68663,C
30374,B
26408,C
13947,B
6016,C
28230,D
65091,A
19421,B
33794,A
54718,E
85513,B
47349,C
16279,D
18367,D
57813,E
51206,B
23848,C
43249,D
21242,C
97559,C
49800,C
79166,A
80234,A
33108,D
74828,C
27531,C
73479,C
26685,A
19325,B
52536,B
12174,C
9596,B
87761,B
47277,C
3108,B
28314,C
4127,B
67391,C
69421,C
69611,A
8834,B
33520,D
64485,C
63962,D
30777,A
41966,C
36872,B
42583,C
53762,A
37121,C
68506,C
56122,B
97282,C
98122,C
93011,C
41596,B
30856,D
22401,B
12221,C
3909,B
77544,A
39470,D
17593,B
26933,B
88755,C
46498,C
72720,A
51420,B
46135,D
49148,D
7580,A
86431,A
46835,B
79211,A
33714,B
93070,A
38146,B
67855,A
21406,D
77242,D
35226,D
34365,C
96167,D
71590,C
9858,B
33542,B
63647,C
19573,C
97489,B
44422,D
80436,A
47710,D
57184,C
89902,B
2319,D
53211,C
4128,B
87087,B
88015,C
866,B
61697,B
38249,B
58633,B
52243,B
96533,B
36205,C
90011,D
98012,B
18497,B
77622,B
28974,C
21869,A
14270,C
62465,A
99669,C
41150,C
82545,C
4022,D
17676,B
31946,C
96993,A
63562,B
26086,C
57938,D
17174,A
56912,C
81885,D
77153,A
47475,C
56901,E
61587,C
4292,B
97593,C
91779,B
54820,C
7244,C
50910,C
28002,C
71228,B
66784,A
32430,C
23195,B
72622,B
54995,C
79775,C
25897,C
95740,C
46588,B
10069,B
45095,A
73520,C
22433,B
27005,B
35311,B
11902,A
86519,C
98488,A
5877,C
13438,D
74609,C
6611,B
16951,B
89318,A
23535,D
84390,A
87744,B
15011,B
6543,B
88681,C
34746,B
6472,C
63787,C
21830,B
90863,C
4419,C
9565,C
88304,A
65570,A
83793,B
83551,C
28990,B
43576,B
5762,A
66545,C
38951,B
9351,E
48094,C
29528,E
88116,B
30699,B
62456,B
58705,B
63641,D
7466,A
22212,D
64297,A
27595,C
48183,B
59153,C
70133,A
76488,D
31013,B
77970,A
83766,D
34218,B
25532,C
22342,C
81219,D
8329,C
98413,B
28858,C
41455,D
382,D
62617,B
97562,C
31474,D
6595,B
60411,C
83610,B
3946,A
67416,C
9692,A
22275,D
77416,D
47478,C
98777,D
61372,D
12009,D
67885,D
13150,C
19971,C
80004,B
8749,B
60383,A
31122,B
82818,B
75391,B
78343,C
56689,C
83230,D
77200,D
95051,C
21806,A
58915,A
69520,B
35155,D
96157,B
22348,D
48949,C
44791,C
85139,C
51644,C
82235,C
66914,D
38663,B
3243,C
89662,C
70326,D
20035,A
51149,B
19307,D
52057,C
38968,C
64359,B
81660,B
46357,B
3241,D
79100,A
47896,C
79870,C
32165,D
88011,A
13234,A
55113,A
62227,C
41186,C
11412,A
38491,A
70437,D
85146,C
14870,B
86854,A
21983,B
17416,B
78258,A
89517,C
10539,C
38344,B
18647,A
47675,A
33736,D
65028,C
84684,B
20089,E
34327,C
42562,E
46946,D
43736,A
77760,D
74592,B
94364,B
41081,A
1751,B
97541,C
97073,B
73530,B
64346,C
69766,A
84620,B
65023,C
54695,A
30256,C
19072,C
35368,B
27922,B
5517,B
10699,C
92528,B
64865,A
32453,D
15532,C
46282,C
87581,A
68551,A
98342,B
57282,C
17860,C
16432,A
30630,C
7957,C
76226,B
19250,A
67733,B
46003,B
95761,B
41329,D
30744,D
62186,D
66662,B
12807,C
32338,B
81029,B
29927,C
34434,B
74047,D
9246,D
97454,D
99533,D
1602,C
17983,B
49937,B
56,D
17252,B
46950,B
85611,C
61912,D
60248,B
54199,C
1481,A
20457,D
16795,B
61070,C
71021,C
85600,B
8320,C
95981,B
99951,A
37286,C
91935,A
21438,B
6051,B
94340,C
95466,B
64416,D
57357,B
96528,B
75305,D
42290,C
2201,B
1057,D
58777,A
9333,B
92966,B
69997,C
95295,C
60676,D
93078,A
59162,D
2749,B
26860,D
9768,C
56531,C
68946,A
66644,C
41331,C
14974,C
94872,B
88649,A
69441,C
59310,B
53412,D
32693,C
40106,B
21635,C
82585,B
47527,B
4953,A
54025,C
47572,D
187,A
8091,C
1623,C
51482,D
25251,A
10563,C
7989,B
36755,D
57568,A
89577,A
85744,B
67033,D
54079,D
77428,C
24896,C
464,A
60245,D
91302,B
98630,B
29560,C
43183,A
64554,C
57952,B
10744,C
43072,B
99075,A
54811,B
34905,C
49581,B
30749,E
9461,E
24492,B
40104,B
80944,B
10152,C
82704,C
94130,B
78332,B
13592,B
12858,C
8441,C
61678,C
19538,B
76401,A
66523,C
17828,B
48258,C
87150,C
80801,A
74175,D
40495,B
72903,C
16911,D
58437,B
12202,C
86611,B
2880,B
17198,C
50517,D
21688,D
5611,C
10461,A
57222,B
86275,A
88378,C
68808,B
60397,B
3573,A
32915,C
40891,D
37672,B
98900,A
58680,B
74467,B
1218,D
81895,C
58713,D
32913,A
40549,B
50766,D
98580,B
63754,B
16314,D
10606,B
40005,B
3539,C
12687,C
71465,C
30349,B
16213,C
49772,A
27991,A
39440,C
37040,C
5937,B
57313,B
30237,D
60050,C
77404,B
52334,C
48503,C
20357,C
36254,B
84893,C
68664,D
24005,D
86636,B
75151,B
26886,B
31610,B
54273,B
32658,D
52903,B
95451,C
55935,B
5892,C
95004,C
74085,D
24893,A
12972,C
82091,C
57074,C
43595,A
33422,A
46398,B
45827,A
27202,B
6785,A
68707,E
44254,A
73880,C
32347,C
88875,B
55074,B
71797,C
12190,A
43347,B
23294,A
5530,A
47051,C
15537,B
33403,A
22659,B
85637,C
62012,A
85428,C
18893,A
68212,D
99519,C
60799,A
18768,C
22570,D
60844,A
65427,A
97327,B
78579,B
66892,D
13892,A
96631,C
12276,C
17733,B
66579,D
2091,E
63516,B
3834,B
78819,B
86199,A
91558,C
32393,D
55896,A
13401,C
21165,B
27274,D
93505,A
44914,A
37576,C
54420,A
24034,B
90151,B
12789,C
40938,C
26536,B
99880,A
93579,C
69113,B
14689,B
11752,C
24971,C
20990,C
962,B
23579,B
9567,A
32677,D
16875,B
47844,B
88416,C
72455,B
10889,D
44066,C
23124,C
91223,C
99158,D
64512,D
8113,C
80015,C
860,C
57601,B
84362,C
91015,C
19891,A
91810,B
53385,C
78970,A
2995,C
53852,D
72206,E
51201,A
26352,C
88513,A
4507,D
61894,B
56988,A
60769,D
64707,B
72464,C
95980,A
2830,B
34601,B
47614,B
3693,D
96800,C
89964,B
12333,C
45811,B
66234,D
81753,B
99584,C
91225,A
47683,A
36180,C
26141,A
84050,B
20461,C
86479,A
51382,D
16757,C
98211,B
76847,B
82660,B
81026,B
25399,A
4770,C
65208,D
68903,B
46086,B
75748,B
65661,D
25406,C
28631,B
98948,C
95774,D
19461,B
94727,C
47410,B
38765,B
48241,B
45006,D
95381,D
97868,C
21719,B
64930,B
14618,C
60351,C
34388,C
72822,A
76293,B
13362,B
79614,D
83938,B
16769,D
68374,D
93407,C
85254,C
88836,C
93913,C
64974,C
99094,C
10390,A
90358,C
67541,C
93904,A
7677,B
95442,C
13314,B
73300,C
53465,B
36157,B
51929,B
86877,B
58401,B
18202,A
60840,B
54395,C
50377,C
83408,D
57125,B
82637,D
40932,C
77033,C
6697,B
17701,C
24774,C
2778,D
34427,C
18907,A
70547,B
51050,A
88430,A
63028,B
22741,D
35230,C
42769,B
76672,C
5757,B
75353,D
33261,C
41864,B
37645,B
80937,A
15612,A
57328,C
5214,B
16950,E
69937,B
13372,B
73308,C
48251,B
47705,B
7040,C
56611,C
12935,C
90339,A
16677,A
25856,D
94894,C
93729,A
13754,B
78111,C
65152,C
49125,A
18841,A
66121,B
28207,B
79001,A
92356,B
34116,B
70291,C
20968,C
56726,C
27949,C
69108,C
75246,C
19821,B
34454,B
27412,A
16313,D
8528,C
31268,C
42130,D
9092,A
33906,B
20074,A
87479,B
71040,C
52876,C
28278,D
5930,B
44980,C
71492,C
11026,A
19861,A
61337,A
82205,B
63327,C
77177,B
52206,A
531,B
79183,D
55488,B
5430,B
11143,B
28867,C
80936,C
28449,A
1991,C
62108,C
25283,B
46648,B
34621,B
89863,C
14071,B
47383,C
98741,B
19940,D
70569,D
27996,B
12492,D
32555,C
44926,C
58518,A
66199,A
26505,A
57885,B
12679,A
28984,B
8609,A
69098,A
6561,C
28667,A
28484,A
61829,C
14810,C
29258,B
25678,B
46020,C
25611,C
21250,B
26775,B
41128,B
53398,C
7849,B
27301,C
51286,A
4895,B
14201,D
4927,A
88093,C
31141,C
74250,C
53801,A
69062,C
16845,B
20641,A
21445,A
66795,B
57312,C
22773,C
3163,C
39934,A
72682,C
14369,D
7750,C
44440,C
40582,E
43975,C
88963,B
76470,C
26544,B
89721,C
13422,C
36381,A
91681,B
28317,E
71642,B
4551,B
714,D
69757,D
54960,C
20095,B
81454,B
35806,B
59212,D
65139,B
4771,C
80261,B
33129,D
71670,C
75415,D
6698,D
83471,D
63241,D
60561,C
28034,B
74824,C
95164,C
87594,B
27115,D
90408,C
96282,D
87725,C
62019,A
76801,C
57817,A
68599,C
40462,C
41258,C
1715,C
28743,D
4196,E
92578,D
57367,B
15589,C
91698,C
50453,C
37984,A
91701,C
93988,D
34493,B
14055,C
26099,B
78317,C
78316,A
15496,B
37007,C
7006,E
77741,B
18373,B
36118,D
36194,D
11959,A
56127,C
23643,C
30192,D
75127,C
30620,D
40900,B
57147,C
99748,A
84795,A
66801,A
97967,C
39547,D
27736,B
69630,D
74782,C
45883,D
30113,B
96501,C
87447,B
62874,A
84769,D
49739,D
86503,C
3391,A
87820,B
47664,C
99364,B
31937,B
19498,C
89985,B
40136,C
38714,B
16167,A
94093,D
34840,B
57878,A
68602,A
52157,D
12231,A
82320,D
67372,C
15297,C
30101,B
23969,C
17420,C
67012,A
6069,D
15647,A
37543,D
50596,B
75525,C
84153,A
37377,D
2499,D
65466,C
48853,A
22387,A
47502,A
79236,B
14776,C
4681,B
13227,C
32881,A
31177,C
88213,B
31878,B
46090,A
92058,D
28438,C
48171,D
73086,B
97957,C
4448,C
62391,C
96235,B
46419,A
64430,C
15029,C
65338,B
62389,C
49636,A
37366,B
95313,B
86537,B
40751,D
80140,C
10956,B
64009,B
84124,B
16265,C
22928,B
23297,C
40760,D
85330,A
91105,C
14061,B
77173,B
97879,C
61513,D
83258,D
29888,C
76888,D
16276,D
48275,C
81964,B
90268,B
8391,A
41342,C
1122,A
47377,C
34532,C
83324,C
2611,D
92919,C
10428,D
56967,A
48773,C
51784,D
76679,C
11819,B
13639,D
22648,C
65207,C
36620,C
57620,B
74297,B
73496,C
94375,B
302,D
73930,B
1828,B
91533,B
17914,D
13263,C
5807,A
7471,C
76249,D
11163,B
17757,C
86075,B
19112,E
34318,D
2526,B
45823,A
4091,B
78249,D
12941,D
17397,C
16110,B
8209,A
32410,C
59716,C
71419,A
13428,C
75980,A
66473,B
93194,D
98236,B
97194,A
59399,B
68952,C
79773,B
45277,C
30100,B
89228,C
32313,B
20577,C
17429,B
98508,C
17139,B
24604,C
96924,C
8373,C
91864,D
24464,C
83437,A
92698,C
75876,C
92868,C
1059,A
10325,C
13866,D
52101,A
99077,C
18418,B
46992,B
49334,C
13181,C
84370,D
76887,C
29513,B
58174,D
46168,D
62987,B
9634,B
11046,B
87829,C
53540,B
47414,A
79026,A
50296,D
22222,B
77981,C
38150,A
6973,E
32147,B
85877,A
2194,C
86615,A
39293,C
55620,B
57154,D
18337,D
97320,B
58383,A
22903,B
21775,B
32728,C
51691,C
55459,C
58315,B
91475,D
5044,C
65,D
98519,B
66354,C
68671,E
66736,C
85795,C
60205,B
55566,C
89400,B
83286,B
21891,A
93459,B
56179,A
43416,A
19662,C
98757,A
67968,C
79623,C
68548,C
59780,A
17770,C
92540,C
79346,A
18947,C
86193,C
52402,B
82723,B
45102,B
85897,A
682,C
57946,C
42934,A
66341,B
7384,C
47362,A
96583,D
96391,B
20055,C
17273,C
8309,D
55683,C
8534,C
92261,C
25589,C
80005,D
78624,C
82012,C
25490,D
64877,C
80715,B
32689,B
91582,B
75763,C
33501,C
59106,A
34612,C
42054,A
73811,B
40698,C
88926,E
80279,C
9381,C
31825,A
92521,B
10363,A
59161,C
78422,C
16296,A
92475,B
7579,B
43957,D
42638,B
11205,A
37611,B
85193,C
35006,C
38789,B
47783,B
81643,C
10387,B
82615,C
7857,B
79440,D
78419,C
61106,B
16496,B
83840,C
89498,D
94883,B
36643,A
40827,B
25120,A
53908,A
6838,A
76902,B
46036,C
10000,B
82934,B
18315,A
61346,D
53258,A
9394,C
89534,A
95464,B
80260,C
2002,A
28564,C
55587,A
99170,B
16041,B
54282,C
60175,C
60055,C
40564,C
41769,B
71446,B
97616,A
86429,A
36246,D
9207,C
11234,B
5717,C
73231,A
33971,C
10234,B
33085,B
26132,C
85044,C
76364,B
15690,A
99363,B
16781,B
71748,C
53906,A
19264,A
83988,A
75016,B
39475,B
67654,D
53941,D
47545,B
2867,C
14903,E
8463,A
25537,C
2767,D
79152,C
46520,C
48056,D
8597,C
34165,D
59264,A
90207,B
96748,A
19291,C
41340,B
81499,A
75750,C
75962,C
46683,C
42830,B
65946,C
95791,B
62576,C
85793,C
89096,C
93559,B
69463,C
5573,D
34717,C
25047,C
30586,B
48116,C
41512,B
74615,C
45642,A
70703,A
17766,C
1811,A
76658,C
40397,B
3468,D
21216,B
53372,B
77142,D
29141,B
75908,B
37263,C
63798,D
80155,B
53945,B
36867,A
87436,C
2784,D
1870,D
16773,B
78087,B
57047,D
24164,D
16006,A
33948,B
44883,B
45288,B
96023,C
6495,B
44733,A
16535,C
61944,A
20237,B
18916,D
10130,D
17966,B
41788,B
8317,B
63502,C
2686,C
10711,B
99459,C
62795,B
26616,B
81557,B
40774,A
1167,B
13522,A
93932,C
97500,D
328,C
79923,B
80682,B
75295,B
90994,C
72194,C
96757,C
56797,A
34329,B
61416,C
70194,C
14990,C
99981,D
20789,E
42526,B
74293,B
7770,B
31836,B
48684,B
64569,B
9810,A
25801,B
83472,D
21547,C
85137,A
17677,A
29101,C
14873,B
93436,B
58365,C
74735,C
80076,A
48004,A
18175,D
13138,C
35734,C
6783,C
34002,B
88271,B
7222,A
3261,D
88085,A
49368,B
76564,B
24788,B
23780,E
10452,A
30569,B
12402,A
96513,C
47737,B
64350,B
76335,C
38905,A
40073,A
69334,C
51137,C
4438,E
76186,A
32253,C
85933,D
5528,B
95607,B
34694,C
63670,B
56958,B
72606,A
6196,C
278,A
70607,D
25662,B
44037,D
70748,D
88821,A
45364,B
45299,C
7059,A
95687,D
67242,C
50364,B
934,B
69424,B
41193,C
93575,C
22968,B
58372,D
53970,C
10521,A
22832,D
19513,B
79521,C
44431,C
24223,D
98904,C
73075,B
9741,B
18414,B
44362,B
91383,D
59595,C
88202,D
43740,C
39462,B
76061,A
61740,B
99372,C
57106,A
30940,B
35197,C
48399,C
42897,A
88873,C
75718,D
83361,C
77867,B
56491,C
1954,A
82446,D
4141,B
59903,C
83101,A
80277,B
11434,C
5161,C
48154,C
94107,B
13899,C
87650,A
13396,C
10837,D
49832,C
58319,A
19846,C
92463,C
50005,A
34942,C
81398,E
15291,B
20532,B
83876,C
52118,B
26593,A
76531,D
2476,B
30531,B
89839,B
96983,B
62445,C
8245,B
86860,D
16758,C
62844,C
63392,C
25142,C
95366,C
53526,C
62797,B
22760,A
4561,B
58671,B
501,A
660,C
26288,B
13575,D
63174,C
3427,D
26821,B
59096,A
55858,C
78658,C
40453,C
7402,D
88557,D
72332,C
45509,A
35488,C
69852,B
86781,B
26540,B
54879,B
33600,C
96998,B
27733,C
96869,B
30086,C
41696,B
25196,B
49554,C
30568,C
69932,D
69131,C
10918,E
89201,C
56923,B
49927,B
65530,C
66756,C
34560,D
80519,B
5820,B
25335,C
2550,C
45534,C
8185,C
53917,C
22379,A
14999,D
82617,A
61799,D
43823,A
60559,A
34351,C
89272,A
84657,A
21595,C
67876,B
35121,A
34188,C
96279,C
40236,C
96312,C
41703,B
23702,A
32965,C
76408,A
78576,B
59291,A
93086,B
20979,B
9051,A
64508,D
11568,D
47734,A
40215,C
52926,B
73396,C
54499,D
30964,C
67493,A
96065,A
97495,D
43190,D
63634,B
95179,B
89749,C
7892,A
43555,C
62432,E
6887,B
75331,C
22864,C
31770,C
26479,C
85221,D
29460,B
10987,A
41693,B
86825,B
70390,E
52064,C
39434,D
34952,B
87359,A
98460,C
44988,D
78392,B
33983,A
86475,C
72035,A
9745,B
87173,A
36699,D
58206,C
1231,B
7133,B
61326,C
98483,B
53332,B
26477,B
74818,B
30651,C
72099,C
60806,C
49397,B
69709,B
52225,A
24521,C
63001,C
31835,B
85389,A
58393,C
64909,D
7164,B
39752,B
62560,B
16342,A
60950,B
91851,B
24980,C
10286,B
12985,A
77461,D
43037,D
2785,C
73722,C
30691,C
20681,C
7192,B
57629,C
19692,C
89891,B
70295,C
88730,B
40286,D
75422,C
91268,C
93347,D
66344,C
5058,B
54543,D
63840,B
15704,A
64355,C
62387,C
45290,C
53074,E
70321,A
59109,C
45478,A
14965,D
93553,B
90421,B
97565,A
27395,C
65158,E
91977,C
38731,C
74597,C
59403,A
63802,C
85821,C
77823,C
94431,C
20657,B
59749,B
77810,B
13502,C
2482,C
71341,D
8961,C
32464,C
61551,C
64757,B
40086,B
64393,A
91198,B
19734,C
59003,A
2816,B
69496,C
85814,C
90214,D
30200,B
35770,C
13160,C
59659,C
80110,C
54401,D
29984,C
32284,B
71130,C
42950,B
4943,C
90256,B
6230,C
23399,C
43431,C
11156,D
44966,D
91711,C
35160,B
30339,C
46845,D
52159,A
67866,C
55458,A
47674,D
10029,D
31488,C
57659,C
7047,B
52071,A
37006,C
24417,C
70517,C
43811,C
54325,B
63993,B
94528,B
21926,C
85412,C
64319,B
3890,D
3634,B
41334,B
32048,A
50373,B
54362,C
26947,C
63987,C
26160,B
8951,A
84723,B
64818,D
55613,C
37441,B
53152,B
12652,C
34159,B
410,A
7020,A
64863,B
4064,B
62941,B
72820,C
66013,D
22280,B
75573,B
99950,B
48362,B
937,B
83516,C
53928,B
30321,C
2706,B
7141,B
51670,C
45270,D
67951,B
34284,A
29879,A
70222,B
22117,B
56779,B
82590,D
954,A
22824,B
38649,A
33887,A
88082,D
97131,A
73740,B
85629,A
9400,B
58341,A
79900,B
39133,D
67292,B
13800,B
74985,B
52894,B
37342,A
96201,B
57385,B
74311,B
51504,C
45620,B
32886,A
80783,B
73455,C
89968,A
46760,B
32711,B
56427,C
90953,A
16819,C
97708,C
96620,A
10647,B
13696,C
56103,C
72980,C
24063,D
94999,A
74403,B
11044,B
44535,C
66624,B
55860,B
23721,B
3383,C
62702,A
10115,B
34145,D
31423,C
39138,B
68855,C
20821,B
54828,C
91170,C
32332,C
81040,B
2058,A
17915,B
83866,C
76285,C
93649,A
88184,A
11506,D
85059,D
2513,D
99546,B
95267,A
33043,C
80909,C
5901,A
66428,A
59216,A
66208,D
18676,B
72572,D
57941,B
54206,B
41602,A
22836,A
81444,D
86122,B
23367,C
86811,C
89488,A
85243,C
38707,A
48632,C
6924,B
86683,A
99340,E
84571,C
51439,B
26372,C
63537,C
3008,D
46040,B
34684,A
56852,C
95463,C
41998,B
62269,D
56641,B
54457,B
22300,C
48769,C
15861,B
93023,B
61723,B
3600,C
6224,C
69318,D
37855,D
78144,C
26753,B
62630,B
53025,A
24714,B
70940,B
87965,C
41922,A
89109,C
8910,B
98350,B
11683,C
85550,C
5424,B
90489,B
60338,B
1341,B
9705,C
94665,B
97710,C
35452,D
59732,B
15437,C
35914,B
88408,C
67448,A
62911,A
79917,A
61084,C
7949,C
36407,A
97600,C
97169,C
53824,C
31341,B
25108,C
43990,C
25446,B
54847,A
33390,B
23449,B
76893,C
72210,B
35107,B
18733,B
65418,B
8326,E
53845,C
66056,C
59859,A
27101,B
37066,C
93801,B
27076,B
19669,B
82434,C
91798,B
28177,C
75607,C
8033,D
8936,A
30458,A
50845,A
72660,A
63163,B
27349,B
6692,B
13312,A
79404,B
33990,D
79333,C
57960,B
18498,C
99942,B
90236,B
73292,D
64185,C
17440,A
78174,C
42817,B
95732,B
49493,C
86751,A
93609,C
11360,D
23035,C
97074,D
59396,D
51047,D
48021,B
86633,C
51333,B
69137,C
33626,B
49592,E
23484,C
60853,A
94678,A
56980,C
10440,C
38424,B
43164,D
50785,B
67357,C
68484,B
6954,D
65915,A
76060,B
71956,D
3046,C
1006,C
3034,C
29176,A
98740,C
55285,B
54575,D
45155,D
45322,C
41085,C
79753,D
71023,A
86258,C
30832,C
71333,C
60949,B
96463,C
54619,B
73026,B
13136,B
91441,D
62463,C
45596,C
6736,C
70231,B
87304,B
51052,D
79066,B
1003,C
26855,C
95287,A
56571,C
74536,A
81128,C
87191,A
64802,B
87606,B
64611,A
51665,B
61933,C
96950,C
64108,C
87612,C
20676,B
4429,C
98269,A
68747,B
44955,C
11844,B
3741,B
49454,A
14098,C
27806,D
68325,B
71711,A
20627,A
25051,A
66216,C
2695,C
82029,D
22477,B
90210,D
16406,B
45949,C
51334,B
97281,B
80603,C
94754,B
52912,A
16930,A
16504,B
89219,B
87331,C
36841,B
5803,D
23033,B
13297,C
88782,D
56820,C
74929,C
74455,D
95957,B
10514,D
67348,B
35503,B
22875,C
99361,C
92193,A
93644,D
43293,D
82551,C
42309,C
77117,D
27842,B
84025,B
37435,A
95512,C
63067,C
48090,B
87185,B
47910,A
34248,D
74055,D
24584,C
91823,C
75496,C
95695,C
90745,A
12725,B
15740,C
91840,B
83615,C
77792,B
15839,C
55651,C
50819,C
5348,B
59653,E
90398,C
40934,A
40727,C
30177,D
22310,C
75743,A
89310,C
59556,D
86782,C
52488,C
20504,B
28202,B
13448,C
19510,A
33595,C
45414,C
13394,C
10765,B
60605,D
81579,C
11169,B
7243,B
48,C
61209,C
56274,B
72617,C
86167,C
71944,D
78942,C
59053,C
52760,B
76831,C
35164,B
29733,C
81583,C
92624,B
87424,C
98541,C
4712,B
56853,C
77022,D
28021,B
72500,B
84164,D
54226,C
76861,A
73583,E
21013,B
89671,A
51508,D
22268,A
6937,C
34670,C
91214,D
42236,C
35775,C
27026,C
38983,A
76986,C
9763,B
77134,A
23335,B
29680,D
17734,B
48316,A
22080,A
89464,C
57635,C
75766,C
5898,C
50123,D
19194,A
43074,A
92471,B
50904,B
99095,B
13703,B
19880,A
26373,C
88301,B
73556,C
19520,B
15154,C
38947,D
90200,B
44868,B
42951,C
38026,B
55424,D
87689,B
98707,C
34762,D
52458,C
53730,B
66682,A
41485,D
12615,A
38136,B
77231,B
51130,B
42058,D
63471,B
21145,A
91740,B
83935,C
89605,B
50414,B
30264,C
1630,D
14738,C
1412,D
51425,C
40525,C
88171,D
6149,B
48874,B
36390,C
48377,C
82153,A
41053,C
13067,A
32401,C
85832,B
54400,D
96678,C
89069,C
40422,B
67578,B
17560,B
37856,C
86960,A
4470,D
73271,D
41023,A
71348,C
55761,C
40436,B
52328,B
27184,B
58396,A
98634,B
41766,C
74881,B
38893,C
70757,C
22023,A
10336,C
94209,D
73517,D
48667,C
15561,C
95394,C
4200,D
71075,D
18261,E
80796,C
77193,B
49285,E
38701,D
17021,B
51263,B
19597,D
46312,C
51490,B
98708,A
88816,D
88089,B
3343,C
61417,C
61772,D
92128,C
29279,C
42150,C
16848,C
71776,C
15883,C
10960,C
6858,B
61967,D
78675,D
4534,B
51025,C
5449,C
8357,B
38565,B
57178,A
50211,B
96707,C
57908,B
26166,D
13010,A
74563,C
36375,C
60054,A
89629,B
96271,D
67569,A
39570,D
51054,A
90744,B
64047,C
87400,B
74098,B
41803,C
54184,C
97439,B
45435,D
1466,A
88054,D
36965,D
10135,A
86832,A
69299,C
25559,D
301,A
49034,B
95323,C
43268,B
15027,A
41459,A
94592,D
29145,C
34348,C
76220,B
52908,B
71011,C
320,B
64076,A
92510,A
2276,D
8130,B
67476,B
75130,A
8844,C
36512,B
34510,D
11147,B
67842,D
56367,C
74271,B
74224,B
33674,C
42249,A
79967,A
3905,C
30653,D
6719,A
27657,B
31912,C
30465,A
37119,C
4140,A
13365,B
10462,C
82277,A
70792,A
50979,B
81362,C
50833,B
60945,A
97267,D
4761,B
539,B
90258,B
70530,B
93185,A
17889,C
19799,A
69661,A
18190,C
36791,C
51,C
34439,C
10544,B
4268,C
20779,B
31037,C
19392,A
28549,A
35898,C
13709,B
41454,C
95363,A
44348,C
89972,C
11991,C
49370,B
80290,B
44781,B
11736,B
20941,B
34981,C
28980,C
65429,C
94337,B
68558,A
26194,C
21935,D
57832,C
34308,D
86059,C
98278,A
83741,C
69239,A
74424,C
3740,C
66861,D
77554,A
3169,C
55508,C
91939,A
66337,B
59098,C
95692,C
19768,B
59132,C
80393,C
9891,B
85039,B
7983,B
88596,C
41232,B
63632,C
81628,C
6682,D
48591,A
54154,A
1519,C
12068,B
83656,B
41722,A
98065,C
48937,A
48015,A
12409,B
13616,C
93047,C
71926,B
44225,D
42608,D
97540,A
34343,C
223,A
59362,C
29174,B
26065,A
12968,B
7048,C
7095,D
33808,C
40740,C
20317,C
26483,B
23118,D
53438,C
1493,A
81881,E
81054,D
25498,B
65624,B
34577,D
84307,B
48062,B
30684,D
79074,B
91897,B
26017,A
38005,B
88282,C
8122,A
26188,D
49497,B
52705,C
12056,A
95646,B
87235,C
63109,B
66202,C
80696,B
53612,C
96989,C
85951,C
47435,C
94846,D
36482,C
52867,D
39691,E
89167,A
89923,B
63595,C
3644,B
42474,D
28542,B
87751,B
61655,C
9429,C
70888,A
42777,A
90157,C
29960,A
46764,B
61325,C
15054,C
94795,B
2584,C
35240,C
82995,B
60158,B
99433,A
21893,B
75960,D
88459,C
95665,E
13125,C
37590,B
77650,C
75355,C
49703,A
61138,C
68016,C
4782,B
79167,B
79735,C
40249,C
84547,C
20330,A
22600,B
46187,A
27805,D
40253,D
5359,D
40229,C
68376,B
64398,A
53742,A
69006,C
56140,D
70064,E
50555,B
16128,B
87600,C
58833,C
91953,B
10929,C
41561,B
41148,B
87920,A
89103,C
97437,B
3294,A
6012,B
79443,C
58088,B
73983,A
79184,C
34016,A
67926,C
16303,B
47532,A
59781,C
90797,D
5551,B
64019,B
80955,D
84874,B
29428,B
91783,A
67995,D
14975,C
49321,B
41308,C
71588,D
19545,C
66959,B
84766,B
68141,A
13083,A
25772,C
12937,C
5074,D
91045,D
69109,B
97805,C
2649,C
19030,A
9010,D
96146,D
76397,C
95766,C
97183,D
24711,B
74502,B
82367,C
26446,C
76324,C
52383,B
39477,C
36878,A
90390,C
77897,B
92425,B
76787,B
87242,D
43107,B
29346,A
46475,C
55365,C
3049,C
72675,D
28001,B
89126,B
95214,C
63152,C
25523,D
75954,C
77533,B
51049,B
65985,C
92133,B
21317,C
46703,B
96549,A
16905,A
49059,C
45117,D
96673,C
72477,A
42673,C
66207,C
33741,C
4421,A
14107,C
84265,C
63927,B
38219,B
15044,B
2076,E
48266,C
1599,C
91576,C
41937,C
2661,B
24793,B
42308,B
52607,B
35809,D
29058,B
46268,C
692,D
49782,D
98782,D
77020,C
82762,B
7526,C
29379,C
99348,B
41405,A
47661,A
50689,C
91177,C
5685,A
89989,C
3549,A
42515,B
1652,C
31583,B
41668,C
65949,A
59575,C
40421,C
25778,D
20075,C
5203,B
93902,C
87597,E
68954,C
38263,C
69620,C
94605,C
26138,C
4678,D
11416,D
85938,A
71239,C
28881,A
69605,C
30535,A
62234,B
12032,C
37149,B
71174,D
18845,C
88544,C
40245,A
5422,B
52129,D
95367,B
28217,C
55756,B
13041,B
18495,E
82546,B
87717,B
9992,E
81213,B
74048,A
7587,B
34681,A
72880,A
38000,C
12206,A
63728,C
634,B
19205,B
65767,A
56748,C
82057,A
46005,B
4894,C
26574,D
91618,B
26964,C
73463,B
56257,C
61293,D
95561,B
21543,C
68842,A
56915,C
5013,C
24607,B
63153,B
25958,A
68186,C
76173,C
15252,C
76600,C
40305,C
53232,C
49977,C
658,B
78319,C
23285,B
85416,B
70461,C
60259,B
84853,E
70169,B
46225,C
85716,C
75440,B
5844,D
83024,C
86623,C
66039,B
90644,C
25277,B
2589,C
87397,C
91094,C
72280,B
52932,C
35133,C
7676,B
91508,C
4347,C
4714,A
26243,B
40586,B
37004,B
94561,C
97838,B
24259,A
59417,C
37117,D
42556,D
735,A
85817,C
45423,E
12207,B
72754,C
28982,C
14692,E
18180,C
19009,C
70415,B
42161,C
20900,D
59767,A
79165,A
19271,B
76000,C
8601,C
41188,C
29314,A
2051,A
22152,D
40577,C
46860,A
69435,B
66089,A
25993,B
4305,A
91548,B
72152,A
22259,A
57810,D
51626,A
21031,C
68675,C
62979,A
60601,D
89143,D
54691,C
8519,A
8682,C
1442,B
38865,A
99023,C
51175,A
37312,A
74315,B
33510,B
83310,D
90230,A
74884,C
81629,D
68324,B
12210,A
7813,B
49416,B
26888,D
85727,C
75409,C
55881,B
67706,A
59175,B
19700,B
75145,B
61042,C
43434,B
27347,D
34531,C
83232,B
77066,B
79890,B
72173,C
40887,C
38912,A
58317,A
36369,C
80184,B
34875,A
14892,B
77491,A
10334,A
81952,D
97833,B
16956,C
44665,D
30212,D
87261,D
59198,B
21055,B
19819,B
64837,D
59988,C
84790,D
33134,A
24744,A
15990,B
11591,C
43688,C
92010,C
51271,A
49601,B
17314,D
5439,A
71151,C
51828,A
19640,D
28831,B
86771,A
46777,B
65893,C
57933,C
42671,C
40903,B
68583,B
45594,B
49752,C
85896,A
2189,C
56756,C
72992,B
48342,C
22390,C
1069,B
28024,C
22675,C
81719,C
85771,C
43954,B
41163,A
91110,B
6770,B
16043,E
98681,A
22517,B
1192,C
64482,C
98869,D
20988,A
5379,D
47758,C
52122,A
54642,C
14278,A
98400,C
24202,D
49973,D
86750,B
26875,B
17376,A
191,C
55142,B
41846,C
23830,B
8355,D
12803,B
56224,B
45792,C
60628,C
74626,C
55386,A
55236,E
90708,B
32523,E
93126,D
34699,C
76516,B
80073,B
31398,C
58377,B
36732,C
8158,C
11127,B
78743,B
69992,C
31618,A
62943,B
79797,D
38096,C
53248,B
74882,C
83189,C
1477,B
59120,C
20432,B
885,D
96040,D
43207,D
6107,C
46823,B
79602,E
26208,A
53174,C
77363,B
5302,C
69416,C
15405,B
38010,C
49030,B
40002,B
2302,C
10072,D
40227,C
85704,C
91844,B
86857,B
7577,B
26677,C
38801,D
14004,C
14642,B
15006,B
20200,C
97149,C
76829,B
48239,C
72640,B
24209,B
58472,C
82838,C
29784,D
33723,B
23825,C
12401,E
71214,A
6371,B
11811,C
56731,C
7473,C
56251,E
77788,A
9695,B
86975,A
84422,A
35075,B
90850,A
33516,C
56678,C
89157,C
87571,B
21878,A
40905,A
33186,C
30757,B
24902,D
26309,A
95685,C
38755,C
90887,D
74422,D
508,D
8363,C
7067,C
31146,C
49628,C
42945,A
39589,A
21928,C
11655,C
30318,C
48642,C
34455,C
13970,C
39393,D
17498,C
61844,D
635,D
84839,C
92163,C
24233,B
74758,C
78302,A
1503,A
65068,C
54614,C
25229,C
87859,D
12096,C
96306,B
64211,D
85392,C
8978,C
98430,C
71688,D
99761,B
28209,B
42510,D
81154,A
732,A
53237,A
7138,A
44418,B
3884,E
27594,C
48670,D
24591,B
80711,C
6819,C
51300,C
79451,B
61024,A
96155,A
32380,C
42067,A
64892,C
63514,A
72721,B
97350,D
97510,C
90751,C
57165,C
31538,A
8818,D
16671,D
79813,B
49016,A
26960,C
1560,C
23864,C
28010,B
46948,D
43470,C
8250,D
71462,B
81655,B
13743,A
437,D
67506,B
81215,C
17,E
16375,D
1286,D
53693,A
25811,A
71782,D
33194,B
95722,C
82111,D
1735,B
76245,C
99512,A
84596,A
31348,D
26780,C
66229,C
3131,D
94496,C
23828,C
57916,B
53303,A
28437,C
27976,A
96949,C
72479,C
89456,C
33315,C
96170,A
22526,C
80253,C
30394,D
79472,B
60287,B
41124,B
58412,B
27764,B
58536,C
18637,B
1864,B
61808,C
45573,B
43624,C
7803,C
12582,B
57612,A
29043,C
94005,C
28634,A
9816,A
71845,B
67425,C
24469,B
40828,A
14129,B
81676,D
82479,C
69598,D
47384,E
9298,C
49026,D
16391,C
32575,B
4391,B
87611,D
93582,B
35681,C
71375,C
9172,A
24446,C
77684,D
72361,A
73471,D
46549,B
72072,A
13843,D
11814,B
58448,C
98311,D
88820,D
74301,C
46779,B
87786,B
27388,C
22352,B
85359,C
15293,B
59803,A
92614,D
29562,B
89025,D
60951,B
88466,C
86716,B
67401,C
11677,B
19675,B
49515,A
21854,B
4689,C
71857,B
89747,C
69544,C
72927,C
37167,D
6190,B
3247,B
32883,B
87522,B
68224,B
21957,A
71395,B
33275,B
83124,C
2491,C
72780,D
28724,B
14978,A
34458,D
91449,C
50810,C
9860,A
78987,C
39787,C
65481,D
35749,B
58362,D
98950,B
841,A
15829,C
92482,D
46795,A
81345,C
59468,C
3242,C
85612,B
33063,C
99430,C
91024,A
20059,A
54938,C
86111,C
4982,A
1497,B
80481,C
47252,A
16924,C
95240,B
19342,D
19180,C
68410,B
58070,A
90231,C
16662,A
41909,B
70146,B
61186,A
25310,D
19206,A
33162,C
35165,A
17463,A
42268,C
74173,C
87000,A
92685,B
93744,C
98384,E
70327,B
89198,A
91314,D
49070,C
38811,B
4017,C
29009,D
48719,B
55853,C
48537,C
48546,C
86969,C
10798,A
6122,C
48776,C
42378,B
11363,C
31097,A
3373,C
39249,C
22768,B
3768,C
11290,C
8662,C
6329,D
4707,C
69741,B
84407,B
57554,B
68466,B
27468,A
62495,D
73065,A
46695,B
40185,D
53026,A
44137,A
2708,C
93686,C
18863,D
32578,B
5646,A
5350,C
4475,A
46389,C
4663,A
29646,C
58461,D
1763,C
8273,C
19124,B
25863,C
48666,C
46521,C
70636,B
14741,D
65605,C
51988,D
65560,D
81446,A
94540,B
57653,B
27334,B
96343,B
51662,C
23856,B
4948,C
47295,C
17595,A
97904,C
78058,C
18022,B
66547,B
17444,A
69487,C
36155,A
20520,B
54336,B
98263,D
98834,D
66815,C
74747,D
25980,A
13153,B
95172,C
61354,A
46118,A
88389,D
75516,D
87995,B
78079,C
29448,B
31999,C
30009,B
1309,B
44413,C
89981,C
43716,C
8431,D
3564,A
89176,B
73660,A
25362,D
49237,C
59395,C
2281,C
24133,C
81256,A
69895,C
99899,B
93540,C
62723,A
67568,A
88062,B
91286,C
51935,D
24556,C
68947,C
53566,A
2278,C
84071,D
36696,C
14392,A
27326,B
52837,D
46593,B
44805,B
20533,C
77756,B
94771,C
75216,B
61593,A
548,B
40815,D
15384,D
27844,A
9560,C
70004,C
37830,B
45921,C
35655,B
18843,C
40769,D
78508,B
27452,E
95700,D
47855,C
22538,D
19617,B
79914,A
16639,C
4407,B
54872,C
48120,C
17216,C
33437,C
43031,A
95608,A
37625,B
65793,D
44872,B
65869,D
45410,B
86485,C
4842,A
20795,B
16241,A
82431,A
56198,B
98202,B
83774,C
74208,C
71172,B
2545,B
73979,C
13110,C
83758,A
67996,B
90588,C
60010,B
48532,C
26205,B
72296,B
6307,B
63279,D
92959,B
58849,D
34667,B
56437,B
77415,C
35827,C
58484,C
27056,C
30718,C
33191,C
67486,A
78691,B
13054,B
37909,C
70419,C
86769,B
25765,C
40248,D
92305,A
21610,C
64369,C
13687,C
85561,B
83165,B
59942,D
68405,B
94521,B
54101,B
45520,C
51989,A
76808,B
8486,B
36,C
40000,A
31969,C
5731,C
59181,B
49372,C
46455,C
22664,B
67104,D
81268,B
50974,B
59627,A
73995,A
25281,B
21817,C
82768,C
65823,B
54169,A
52673,C
69749,D
4167,D
80815,B
76608,A
85536,C
61646,C
89885,B
95486,D
68331,C
11849,C
13784,B
33146,C
42135,B
83853,C
83730,B
67737,B
36050,C
69264,C
11457,A
11651,B
58628,A
97135,B
30104,D
77515,A
31205,B
11274,D
3382,A
9486,C
9739,D
10358,D
24041,C
81295,C
70189,C
7086,B
4837,B
12948,D
79144,C
72688,A
61628,A
22441,A
9862,C
91760,C
60815,D
9330,B
32387,C
33959,C
64454,C
29418,A
22945,E
4541,D
28671,D
58169,B
76704,B
170,C
67338,A
60526,B
99400,C
39481,B
34604,B
54827,B
49994,B
47208,C
76159,B
20343,C
36558,A
354,C
30382,C
49527,B
55484,D
35785,C
79635,B
56201,C
42610,C
8706,E
393,B
51072,C
81257,C
84556,C
48145,A
46855,D
10032,B
1572,D
70914,C
18549,C
90244,B
97302,C
27405,B
166,C
77220,B
51163,B
37326,B
15622,B
44905,C
21479,D
20033,C
85115,C
27706,C
16004,C
40206,C
55187,D
77826,C
54454,B
74142,A
14584,B
80788,B
83926,B
94984,C
11670,D
15060,C
59099,C
73629,C
28514,C
72899,C
21950,B
74393,C
35567,D
81987,D
43050,D
44252,A
74219,A
62524,C
94421,A
77618,A
69207,C
61055,C
65597,C
76582,D
82245,A
56975,A
92734,A
59076,C
24559,A
56362,B
60549,D
37532,A
39962,B
28742,B
12758,C
97980,C
80692,B
69176,D
37976,C
19092,C
53480,C
83523,C
23137,A
59307,C
18604,B
47780,C
72185,C
92543,A
11144,B
93742,C
81155,B
87961,B
37558,C
7407,A
13149,C
73175,B
3710,C
66151,B
30358,C
91769,A
38627,B
66764,A
36203,C
86761,E
49600,A
98940,C
91348,C
68918,D
33004,B
3877,C
56728,B
63023,B
73686,B
27010,C
34497,B
86691,B
76201,C
95653,D
51117,C
63249,A
25093,C
29738,C
62921,A
84586,A
61557,A
68951,A
8996,B
87163,B
17135,C
1087,B
72769,C
11721,A
34244,B
47189,B
42224,C
67452,C
48333,C
21919,D
49025,C
98765,C
64894,D
69952,C
62229,C
2196,B
89322,B
73863,D
71900,C
72461,B
93994,C
64217,A
92658,D
96608,A
39662,B
41694,C
46840,B
72390,C
9068,B
35741,D
62243,D
25134,B
36300,B
40939,C
54601,A
60496,A
17053,A
54134,E
66316,A
27238,B
83800,A
94956,D
49503,D
20386,A
27191,D
89319,D
83421,C
69767,D
89720,B
14433,D
37170,A
40273,A
26263,A
90619,D
81837,C
54562,E
64375,C
93948,C
68185,A
69119,C
46888,A
25594,B
56255,C
20190,C
2060,A
37584,C
30688,A
87535,B
38095,A
84751,C
26778,B
84903,B
31408,B
99440,B
86443,B
12558,C
42666,C
59638,C
24020,D
53582,B
9474,B
68571,B
756,B
18612,B
92151,A
19954,C
44015,B
10628,B
30994,B
45943,D
45286,A
98930,D
46756,B
78504,A
81943,C
49191,D
55330,B
82663,B
2515,C
68926,C
23420,A
30553,A
12295,A
93277,D
26624,C
57315,D
81379,C
46338,C
86155,C
36797,C
96546,B
40977,B
92254,C
67444,B
40583,B
96531,A
38100,C
12446,B
14550,B
2962,B
64902,B
69668,C
76834,B
65811,D
51340,C
47473,C
68557,B
68609,C
60322,C
83764,B
71398,A
54167,C
78548,B
57267,C
16760,C
11468,A
8561,D
7306,D
99729,C
82835,E
65883,A
85280,B
15710,C
44427,C
93052,C
17546,C
1559,A
24863,B
17607,C
82665,C
54312,A
83461,C
27477,D
97086,C
76922,A
91530,E
39234,C
45065,B
49930,C
26752,C
81685,B
8196,B
19535,A
64173,C
81491,C
98671,B
52964,A
13965,B
18635,A
47729,A
65357,B
94048,A
5752,D
19870,C
82711,C
53280,C
67422,A
11340,B
27265,D
45138,C
79046,D
14923,C
56387,D
23853,A
34785,C
59896,C
2666,B
96308,C
15852,A
53320,C
26091,C
72247,D
49957,A
74192,B
51992,B
62817,B
61630,C
38582,B
14726,A
52326,C
83698,C
26136,C
9214,C
70140,A
95756,A
51339,B
68726,C
19354,A
5771,A
23649,D
89446,B
62478,A
20777,B
5599,C
4791,B
94594,C
85160,C
74380,A
80371,C
60004,E
95271,C
51740,C
88295,D
74341,B
91613,C
46674,A
97094,A
13549,B
11863,B
51877,C
44693,D
72901,C
60423,C
21741,D
44551,B
15071,B
66563,D
65258,C
27713,B
76319,D
91016,C
30626,B
11476,C
25027,C
71199,B
997,B
30017,D
63486,C
11206,B
8761,C
21937,B
44127,C
33844,A
60729,B
97153,C
14801,A
61347,A
63331,A
16246,D
38469,A
10077,E
93676,C
75971,C
53410,C
28618,C
45488,C
29767,D
59225,B
39270,C
59890,A
82803,C
19268,B
88606,C
35074,D
41284,C
93412,C
9673,B
18585,B
44055,B
80997,C
91699,B
11518,D
96069,C
61224,C
75985,C
9090,B
24381,B
41849,A
80484,C
21191,B
16842,B
69678,B
44975,B
7659,B
64411,B
27878,B
15952,B
57023,A
69270,D
73654,C
84526,A
95305,B
82729,C
26498,C
16888,D
18397,D
82939,A
94113,C
45598,A
85171,D
91353,C
43766,B
12070,A
48545,B
51926,D
49776,C
26305,C
89316,C
55918,C
42370,D
65347,C
46506,B
23940,C
44575,C
60521,C
39660,B
2099,C
59504,A
4119,B
6503,C
97773,B
96848,C
35261,C
31987,B
17487,B
89814,B
13578,B
7742,C
4751,B
71725,E
73480,D
55798,A
46821,B
29501,C
89002,B
79601,C
60058,D
66236,B
83446,D
74276,C
10623,C
93460,C
88154,C
88905,C
26560,A
12282,C
55828,A
88833,B
91001,C
23587,C
5613,B
15292,B
52824,B
40712,A
76438,C
1670,A
7913,B
39387,C
46824,A
2823,C
83109,A
47702,A
76014,B
63437,C
45426,C
79899,C
29756,B
72819,B
30818,D
50401,C
37926,B
21545,C
80252,A
22915,A
29393,C
66293,C
46183,C
62145,B
55190,D
30533,B
54618,C
60420,C
77273,A
49195,B
52632,A
41090,A
5668,C
74558,C
3171,A
9981,C
58375,D
49915,D
37020,C
94183,C
43415,C
71563,B
59263,C
78300,C
36843,C
8328,B
25326,E
95776,A
74672,D
75248,A
46162,C
84383,A
7911,B
18546,C
43368,B
97009,C
98771,D
81338,B
27081,C
18654,B
96053,C
67623,A
3348,D
14973,B
10567,C
2074,C
57753,A
11828,D
64494,C
31565,B
14911,C
74740,C
2116,C
51121,C
88158,D
35435,B
8715,B
67780,A
40736,C
73845,C
93560,C
22910,B
31725,D
98391,B
83623,B
68144,B
11777,C
46624,D
1971,A
40117,D
45496,C
63567,D
56082,C
23520,C
77819,C
90077,D
70621,C
43826,C
33680,C
9691,C
6354,D
49726,C
83064,B
95505,B
96904,B
20991,D
8448,C
84115,C
67804,B
26075,C
69307,A
61077,C
42885,C
19144,D
83028,C
78500,A
89163,B
24525,C
8009,C
53326,A
60355,D
18142,B
22173,C
94600,B
38957,C
56867,D
82952,B
44858,E
37985,B
93844,B
62088,C
68457,A
60855,A
285,A
1902,B
69968,C
15822,C
75777,C
25413,B
97916,C
54548,B
25019,C
97492,C
52582,C
82260,C
78676,B
41347,B
81672,B
66176,B
6807,C
28112,C
89428,D
83429,A
78434,A
10492,A
48335,C
73741,A
67103,B
2919,B
59274,C
41026,C
11610,C
38675,A
67180,C
21939,B
88012,A
59007,D
29091,C
77757,D
5320,B
81535,B
47371,C
95578,B
64225,C
86719,C
44210,B
46448,A
32987,D
12255,B
39630,C
39945,A
84358,B
55541,C
60666,B
5440,C
61642,B
80458,C
14313,B
51499,D
25671,C
57549,C
38658,D
57085,D
49669,B
29869,D
98154,C
96850,C
62491,B
71873,C
54832,C
84741,A
62329,C
64382,C
44108,A
23625,B
63226,D
91299,C
34494,C
30112,C
76911,B
35921,D
62136,C
75088,A
42483,B
6119,C
79911,C
25078,C
66559,A
53904,C
29415,C
38011,C
94058,D
86203,C
16026,C
96836,B
28697,C
3747,A
33222,C
58002,A
2175,C
42684,A
35690,D
34098,A
31266,D
9343,C
56776,D
43964,C
62246,C
48028,B
23486,B
66246,B
49229,D
34121,C
46371,C
12418,B
78325,B
23158,C
81287,C
53468,B
91391,B
3921,B
6671,C
41290,A
39520,C
24933,B
50144,C
67913,A
13009,F
67929,B
66311,C
32318,C
82984,B
11771,D
93512,D
10406,B
23115,D
34061,B
10809,B
46716,D
84742,D
23099,C
66973,B
56753,C
49514,C
13622,C
57974,A
715,C
3664,C
31328,C
68192,B
90693,A
22736,C
70023,C
42347,B
39800,C
57691,A
42254,C
92547,C
74549,C
9074,C
9687,C
60270,B
99775,C
94889,D
16753,C
36089,B
42821,C
1269,C
80528,B
12348,D
46642,A
76508,E
87491,C
15485,C
46739,B
87216,C
53862,C
6607,A
35724,C
73923,D
66919,C
14199,B
87940,E
59635,D
50728,A
71754,C
97902,B
59195,B
75628,C
65125,A
36241,C
11459,C
15504,C
10205,A
12661,C
85880,C
95929,B
89411,C
71017,C
91276,C
95201,D
7939,B
87652,C
47323,B
35862,B
57574,E
31046,C
35248,A
46949,B
94623,B
71910,A
74983,B
14225,A
59936,D
89642,D
95030,C
67660,B
58685,D
62934,C
117,B
97103,C
46557,A
83600,C
41165,C
68152,A
20468,A
41731,C
92694,A
58745,C
24566,A
47857,B
95696,C
37400,C
87483,A
28211,B
19387,C
1364,B
42451,C
39853,D
92844,A
59030,C
23868,C
97964,E
39566,A
8884,C
98551,B
84619,A
2059,D
81368,C
33663,C
33535,B
84550,D
29577,C
13371,C
84191,C
780,A
14716,C
7896,A
81722,C
31267,C
8308,C
26927,D
48013,C
80509,A
1307,A
65117,C
17659,A
61819,C
29806,C
98421,D
18684,C
29311,B
10535,C
45148,B
88953,B
30411,A
78732,C
29990,B
62176,B
78591,A
75530,B
96712,B
54220,B
25623,B
76499,D
59615,B
31756,C
60169,A
36764,D
84315,C
11076,C
9435,B
41991,C
83996,C
96222,D
24284,C
62143,C
51342,A
79818,C
69500,C
26707,B
59167,C
87968,D
34970,C
22277,E
58387,D
29967,B
63083,C
59740,B
95453,B
93369,C
81990,C
43721,B
49074,B
80357,C
91098,C
24968,B
73504,A
40420,B
49055,B
445,B
84142,A
15585,B
21059,B
38391,B
53135,D
28457,D
86971,C
51408,C
12105,C
19953,C
90705,C
18620,B
92915,B
96217,B
84245,C
9747,D
27120,B
87825,C
77966,B
71982,B
43944,C
98299,C
16129,A
8656,C
99447,C
8968,D
59234,B
37838,B
723,B
2601,A
32420,A
57012,C
91672,D
93406,D
64156,B
75273,A
24144,B
76409,A
63136,E
98335,A
26076,E
12471,A
16240,D
4117,C
45735,C
89081,B
77336,C
94777,A
64683,C
93574,C
93796,A
10383,C
85495,B
87553,D
26358,A
15058,C
1074,D
248,B
54536,E
89746,A
95076,B
34602,D
23832,A
45442,C
27146,C
39438,C
84867,B
70553,C
69081,B
19801,D
91911,A
64614,C
27785,C
77965,C
21482,C
15987,C
99426,A
21260,B
16855,B
2883,B
82596,A
32339,C
98992,C
42558,D
30417,C
2322,B
66502,A
54121,C
47551,B
89360,B
48607,C
53902,C
37268,D
33809,C
6143,C
10460,A
40733,A
45232,D
96979,C
21469,A
50514,B
985,B
11647,A
58214,C
12796,B
58150,C
20920,D
38217,B
28300,C
70438,D
97871,A
58330,C
1787,B
68633,D
20637,B
12984,C
88630,D
78404,D
24057,A
29229,D
41948,C
81985,B
61980,C
45945,A
87095,A
97994,B
74042,D
26475,B
31972,A
1897,C
88087,A
98953,D
69798,D
11417,B
29957,D
880,B
98763,A
88161,C
63387,A
59374,B
85104,B
5280,A
44756,C
34693,D
94860,C
68132,B
52073,B
22415,A
8408,D
51012,B
87016,C
37587,C
48986,C
11656,B
75712,B
76892,C
35060,C
5660,D
7715,A
56650,B
17247,B
49903,D
93669,C
1927,C
34576,A
44188,B
36439,A
76960,D
57206,D
28948,A
26901,D
94355,B
8942,B
46693,B
51974,C
48164,C
85834,C
65189,C
63499,C
12388,A
54290,B
66235,B
57057,B
75968,C
35923,D
20857,C
95669,D
78194,D
15038,A
13718,A
63519,B
21083,C
13744,C
9580,B
5578,B
27808,B
68417,D
66773,B
95869,D
56662,B
61045,B
95449,B
59425,D
29464,B
21876,B
48422,A
57555,C
40257,C
1393,D
29672,B
12530,C
80128,D
3529,C
99887,D
57665,A
66843,B
53428,B
57909,D
19561,C
47595,C
74810,B
39556,B
44232,B
53293,B
38712,C
27583,B
16942,B
1842,C
23253,C
86956,C
58695,C
91315,B
54428,B
24648,C
77068,B
1683,C
9113,C
21782,D
84822,C
16831,C
7721,C
70938,B
83791,D
23189,C
74853,B
21710,B
3462,A
94013,B
18818,C
4240,C
50715,B
79626,C
22919,D
76601,C
57392,B
53369,C
69576,D
36004,B
66638,A
36623,C
85037,C
15985,C
78787,A
47505,A
82264,A
82521,B
41083,A
34865,B
16934,B
45039,C
99262,C
56271,A
23796,A
45731,A
40115,B
32316,A
13167,B
6801,B
57207,C
97416,E
45386,A
12967,C
29491,C
30866,C
15660,C
25116,D
50141,C
32902,C
45656,B
39112,C
67042,A
35443,C
34027,A
96964,B
55514,C
33584,A
41173,B
49897,C
43324,C
97585,B
38911,A
47822,A
74153,C
70587,D
76099,B
96527,B
91652,C
21441,D
70642,B
68488,B
66385,B
43045,B
7172,A
5336,C
4025,B
11128,C
32217,A
91132,B
82753,C
65521,D
95841,D
50421,C
87439,D
8453,C
18469,C
79376,C
40782,B
26965,C
76354,C
84005,C
59289,B
68221,C
47162,D
38953,D
51405,B
1691,C
84707,C
99947,B
59810,D
84158,B
60613,B
4043,B
98524,B
35178,D
88497,C
47601,A
11694,C
77735,B
72740,C
2481,B
95070,C
14641,A
81902,D
1190,B
34407,C
25472,E
22026,B
64842,B
2530,B
85767,A
56539,D
50542,B
10601,D
33613,B
44993,B
86999,B
27105,B
34396,D
858,B
795,C
60189,B
45798,B
2544,B
90392,B
43083,A
62212,C
98482,D
13491,D
11761,C
34522,B
54759,B
2988,A
58727,D
54785,C
61162,B
18144,A
97667,C
33872,B
78966,C
65070,B
10538,C
21332,D
53724,A
72198,A
65993,D
78220,C
42628,A
6559,A
58007,D
57318,C
1586,E
19305,C
98815,B
37547,C
57362,D
36397,C
74841,E
35949,C
87162,A
15604,D
98171,C
70645,C
60694,B
63011,C
23119,C
98721,C
79698,D
47016,C
93283,A
70408,E
99016,A
74599,C
6916,A
6314,C
46300,B
41043,C
89287,A
39926,C
24617,B
22304,C
29468,D
22698,B
46627,D
32200,C
96895,A
82424,D
1263,C
47184,A
80919,A
79453,C
81931,A
56500,C
46828,D
62619,C
26334,B
17548,C
59592,B
69983,C
51769,B
18093,A
8638,D
64624,A
90216,A
55148,C
66943,B
2024,C
6649,B
75794,D
85085,A
90063,D
61127,A
52296,C
45209,C
90381,B
50830,B
12723,D
15388,A
75067,C
8634,B
99164,C
83928,D
39036,C
28044,B
43674,C
64407,C
18936,B
57031,B
31876,C
16731,B
21997,A
80847,B
15046,B
82109,B
25672,C
47564,B
81925,A
5155,D
4088,A
4279,D
92066,D
84910,B
89438,B
27696,B
41084,B
27091,C
84454,B
66986,A
92569,B
97304,B
22649,E
48674,A
7456,B
71883,A
79877,B
69085,B
32336,A
25996,A
34771,C
96187,D
24998,C
86438,A
92539,A
61368,C
1767,B
24845,C
1419,C
78034,B
91307,B
12397,A
94643,B
675,D
92970,C
10113,C
53176,D
56420,A
14501,D
82070,A
18633,D
22599,A
45418,C
45900,B
82920,B
77471,B
45351,A
16925,C
10698,D
66992,D
4525,A
4920,C
68546,B
33642,B
87956,A
75206,A
97429,C
98915,C
26424,B
88245,A
7703,C
69573,D
66381,B
34951,A
42397,B
30601,E
80228,C
12774,A
12265,B
46762,B
64300,D
7903,C
18115,B
52799,A
13280,C
33223,B
23554,B
88909,B
4626,C
37284,C
66024,C
85084,A
20894,B
73248,A
36002,C
71825,C
33801,B
78126,B
27646,C
36646,B
637,C
52331,D
76430,C
35533,A
30312,C
89067,C
62332,C
7286,D
4582,A
93746,C
84559,C
5582,C
42425,C
25354,C
41105,E
81545,C
31355,C
125,C
20345,B
31724,D
7726,D
91791,C
5614,C
75761,C
97754,D
11380,D
52825,A
47697,C
42780,D
67897,A
20316,E
31379,C
21220,C
40741,C
18726,B
26084,A
51167,C
37602,D
36648,D
63017,D
64391,C
16736,A
73305,D
51690,D
5099,B
82658,D
22414,B
72488,A
8900,B
40476,D
74646,A
79675,A
49300,B
60871,B
54711,C
7362,D
5293,C
48873,C
58598,C
77949,C
56058,C
51345,B
64626,B
2379,D
34760,C
63929,C
56544,D
9599,E
95900,C
43199,C
15722,D
42720,D
19827,C
51833,D
47830,C
87239,D
19104,D
18774,B
3129,C
13691,B
6952,A
71296,C
4241,A
43036,C
64813,B
60282,C
31251,C
82241,B
32669,A
28332,B
75733,D
88064,B
74877,C
19095,C
56233,A
80283,C
68280,D
70093,C
52995,B
80433,A
80329,C
54426,C
68202,C
47428,B
58797,C
1212,B
79159,B
47223,D
76562,B
41479,B
72167,D
72745,C
71057,B
24611,A
1821,D
22573,D
9645,C
93234,C
54556,B
41436,B
90950,B
71993,D
97491,B
74503,B
78167,C
24934,A
12020,B
2669,D
24809,D
69760,C
61252,A
65122,D
29750,A
55740,A
59834,B
11080,B
11276,D
56280,D
37880,C
49484,C
91303,B
71416,B
86279,B
3455,A
69072,B
53858,A
78282,C
75243,B
64956,B
14133,C
52583,B
64992,C
31665,B
58304,C
21761,B
1529,B
34013,B
11512,B
21253,C
34353,C
45802,C
11714,D
72846,A
69123,B
2417,C
20216,B
46887,D
2115,C
3066,C
98749,B
3977,B
6079,C
53261,C
91804,B
10226,A
81851,D
4199,B
70932,C
22710,C
60692,A
92400,C
48959,C
73494,B
97136,A
72519,B
20145,C
3200,B
24401,B
31964,B
49142,C
78448,D
11970,C
84872,C
54720,D
23835,B
52717,B
4918,C
98821,C
29936,C
95624,C
47125,C
62099,B
72364,B
52343,A
65321,B
60551,B
67110,D
40306,D
29744,C
21844,C
11827,A
10608,D
29903,B
98389,D
58841,D
26646,D
57418,A
27248,A
47627,A
27223,D
79551,D
65437,D
39516,C
98652,C
94811,D
35329,C
77286,C
31710,B
6853,D
31807,C
93923,C
14491,B
45911,B
78656,B
1808,C
96550,B
37833,B
56699,A
19576,C
92542,A
10530,B
36283,C
45338,B
56871,B
75845,C
83913,C
88148,D
90631,A
60462,D
35826,C
30633,C
70367,B
59017,C
96229,A
55473,C
95475,A
55547,B
70808,A
34249,B
85176,C
9399,C
58838,A
81147,B
98594,B
9406,C
48972,C
74199,C
12952,B
82300,A
55955,B
97584,D
95768,B
62625,B
18970,D
61762,B
5966,E
58957,B
3483,B
88695,C
84015,D
99037,B
21015,B
17875,C
28710,C
8683,D
14227,A
89896,C
29561,C
56516,A
72514,C
97250,C
34767,C
28410,A
46011,C
95308,B
216,B
33625,A
64331,B
18765,A
79532,B
3870,A
90501,A
40029,B
4549,A
93967,B
77937,D
91066,A
65220,C
19745,C
81936,D
61015,C
39113,C
79476,D
6147,C
17958,C
92893,D
20030,B
38866,C
29525,B
69987,C
59182,A
15077,B
37648,D
89998,D
69695,B
48414,B
57300,C
14049,C
12141,B
78549,B
23630,C
31500,B
36966,C
38640,C
9798,C
38882,C
75917,C
25619,C
63170,B
84173,C
59823,D
59273,B
11661,B
13948,C
22873,D
80382,B
90448,C
63922,A
98228,D
3853,C
63480,C
27569,B
75443,D
4684,D
99515,A
43956,B
22601,C
83085,C
25528,C
57766,B
58576,C
16814,A
18355,B
12215,B
34646,B
88901,C
83959,B
49111,C
91637,A
39557,C
89370,D
91414,B
64736,B
68834,B
9013,A
30241,C
5183,B
64252,D
93282,C
34008,A
14391,C
473,C
89204,D
33534,C
97147,B
20175,A
72224,A
96758,A
27538,C
88618,C
49130,A
73028,D
70833,B
75324,C
48692,B
58046,A
67236,B
2869,D
86527,B
39071,D
27710,A
26762,C
28593,C
52529,C
81546,A
85492,B
92442,C
67244,A
64906,A
84674,B
60386,C
27629,C
96868,B
20580,B
25569,C
39035,C
68722,D
24219,C
460,D
68608,C
23052,A
70378,C
74900,C
21060,B
68770,D
41899,C
89714,C
91181,D
51683,A
32551,B
79545,B
5442,D
76676,C
86534,B
19223,C
72094,B
32541,C
58656,C
29759,C
77894,B
50333,B
45243,C
74439,C
25334,B
20731,C
51969,C
31465,B
71459,B
92881,A
27815,C
87276,B
19645,B
30378,B
28096,B
54609,A
10758,A
44997,C
8074,B
45996,C
83425,B
71485,C
68386,C
47112,D
88541,B
73729,B
72212,C
10392,C
38500,C
45971,C
2950,D
84593,C
16310,C
38923,C
62351,C
44050,B
56788,B
93493,D
75634,C
10317,B
29081,D
27435,C
47124,B
61905,A
9833,C
60221,C
26115,A
10575,B
47973,B
77405,C
46530,B
70502,B
74623,C
88664,B
32323,C
80419,C
72735,A
21528,B
2519,A
15551,C
79040,A
70094,B
44557,B
1207,A
14017,C
6846,A
54322,D
3340,B
64556,B
68233,D
74306,C
77580,B
67171,C
56850,D
65659,B
33543,B
43582,A
50419,C
14921,A
22183,B
62585,C
24597,C
75093,A
97848,B
61365,C
4250,B
84857,B
86023,C
89005,C
4467,B
2049,B
57918,B
74432,B
6055,C
88496,C
9274,C
78218,C
30069,D
47106,B
68929,B
96843,C
62745,C
72393,B
39833,D
94269,D
81426,C
338,B
34373,D
21279,C
52258,C
33494,C
11192,D
71048,D
31435,D
29146,C
19469,B
75771,A
93475,B
66990,B
56005,C
23964,B
71188,C
74581,C
71921,A
11971,C
5360,C
26797,B
67100,B
10564,C
64834,D
73655,C
18532,C
34990,B
18817,C
28404,A
14018,D
9166,B
85542,A
13386,A
67208,B
98056,C
51161,C
69470,D
68560,A
14153,C
46424,C
75551,B
69465,A
4463,C
65666,B
49838,B
34479,C
18795,D
7655,A
61652,B
71816,C
30137,B
20686,C
95621,D
49558,C
20376,A
5112,C
11668,C
11864,A
8908,B
76232,C
42635,C
56320,C
52768,C
57648,C
40051,A
26128,A
95479,C
18806,A
42072,C
17989,B
72139,C
83993,B
28569,A
57114,C
40149,C
19046,C
12561,C
87615,C
18709,A
5691,B
53931,A
12064,C
72263,B
79136,C
94365,C
73071,B
91288,D
98281,C
61858,B
43572,B
91461,A
33583,C
52681,B
66435,B
15868,C
56629,A
41379,B
83903,B
15573,B
34232,C
83080,D
15932,C
13752,B
83608,A
82978,A
66746,B
54793,C
99935,C
88028,D
37178,A
50645,A
50630,E
90172,C
37404,B
77630,A
29829,B
57464,C
53685,B
12259,B
3133,B
20736,B
63503,B
1300,D
71611,C
84096,C
70523,A
10659,E
59831,B
54587,D
11753,B
54023,C
18086,B
9084,A
2554,B
58684,B
79985,B
65450,C
20151,B
62861,B
44580,B
10710,C
44075,D
53334,C
79463,D
26238,C
48660,C
63453,B
38446,D
89155,C
91902,B
71443,B
68889,A
25615,C
60356,B
37008,C
86878,C
63556,B
19312,B
24320,D
14756,C
64193,D
71149,D
75047,A
75121,B
8110,C
55944,B
85973,A
69634,C
78630,C
25377,B
19292,B
86117,A
98881,A
20603,C
18046,A
67787,C
2765,C
66550,C
34140,B
6091,B
56914,B
10269,C
16066,C
55141,A
65523,D
57296,B
52578,A
94886,C
81383,C
29085,A
19323,D
61204,B
3635,B
92520,C
44636,B
94027,C
14760,D
18143,C
72399,C
63826,A
11392,D
29115,E
79916,B
86359,C
59540,C
53002,C
71785,B
59190,A
14400,C
59925,C
85598,C
61500,A
68220,C
34312,A
95898,C
50051,C
30453,B
99030,B
82500,B
10134,B
26597,D
49412,A
54652,B
60645,C
28220,E
63944,B
70296,B
38501,C
43039,B
56595,C
23886,D
98912,C
66929,A
89053,A
63479,D
96143,B
78497,B
73988,C
27588,B
49138,B
53619,C
9841,A
91611,B
98286,B
58826,A
97670,B
33041,B
64730,B
70165,B
18929,A
284,B
95828,A
8957,B
30826,B
77898,B
20616,C
5107,D
10799,C
58256,E
71933,C
68923,C
74337,A
98213,C
91005,A
14539,B
37863,C
46369,C
83243,B
13849,C
39064,D
68691,D
34300,B
67836,D
33140,C
98066,C
17001,C
40665,B
54504,D
93143,C
11097,C
62035,D
22844,D
24720,C
79958,C
73257,C
92961,B
51798,B
65302,B
26847,A
66731,B
26665,B
62801,C
54153,C
11304,B
98861,B
49166,D
87060,B
31773,C
62510,B
50720,A
44272,A
37479,B
32232,B
38456,B
53290,C
83226,C
72205,B
47139,C
1281,C
86108,D
97983,C
59677,A
68253,A
24384,A
77163,A
98424,B
38683,C
91064,C
76993,B
36728,D
40099,B
54647,C
38063,B
89445,B
46583,C
93700,B
73488,B
47032,B
86668,D
36462,B
3380,B
22391,D
86270,C
75315,B
14964,C
40714,B
62526,B
14143,B
96052,A
1406,C
35029,C
66397,C
40918,B
67024,B
61721,C
33410,A
892,B
79736,B
57724,C
29434,A
44368,B
56117,B
32396,C
72619,A
83121,C
22673,B
87823,C
71735,C
71019,D
31220,B
804,B
38684,D
85012,C
31601,D
91375,D
35502,C
32302,C
20041,C
75053,D
30246,D
96063,C
43496,A
99057,C
66189,B
53905,A
6989,A
64621,B
50539,A
34572,A
92064,D
65339,C
96359,C
48723,C
96351,B
58338,A
13475,B
39554,A
29063,C
77523,B
81612,C
95734,B
38732,A
41974,D
40953,B
27528,B
56876,C
84054,C
10874,A
29143,C
24203,A
93264,B
78954,C
76030,B
26508,A
52897,B
51446,D
45688,C
60734,C
60036,C
36379,D
27567,A
58776,C
11305,B
72628,B
83250,C
55333,A
57335,B
92768,C
54806,C
46326,C
83602,C
83222,B
98455,A
59665,E
47600,B
29991,B
54937,B
3295,A
13764,B
12822,C
10630,B
38237,C
72406,A
15595,D
23101,A
48336,C
76072,B
60639,C
40795,C
87824,C
44515,D
94764,D
3432,B
23900,B
62334,B
2313,B
85349,C
84920,C
89016,B
94265,A
2337,B
93142,C
11217,C
53746,C
32182,D
32639,C
1005,B
18644,C
92268,B
55059,D
42194,A
12263,B
31521,B
93020,C
48130,B
91327,B
83650,D
86439,C
89806,C
93631,C
50718,D
97578,D
44729,B
75017,B
84700,C
68477,B
92663,B
72872,B
24663,C
27666,A
23212,D
47003,A
16278,D
79711,C
69990,C
52442,C
78922,D
86398,A
49264,A
83325,C
86288,C
67805,C
67920,B
109,C
18657,C
26895,A
36384,A
28745,C
84427,C
23414,A
8537,E
54111,A
50197,C
45567,B
70299,C
28654,B
14158,C
32254,C
81951,D
98578,C
90782,B
14601,B
25864,C
8032,D
22595,D
98502,B
66442,B
34168,C
89215,C
83864,C
40246,B
59228,D
72939,C
99598,E
69444,B
51973,B
5307,C
40514,C
76825,B
94974,B
99225,D
68667,D
84957,B
67479,C
5600,C
85777,B
32861,C
97828,B
84511,C
49802,C
96508,C
88756,A
54769,C
75059,D
1883,A
87507,C
28911,B
45590,D
85647,C
25049,C
45889,A
26143,A
50378,B
51901,C
41835,D
99234,B
33454,C
23753,B
29128,A
55162,C
10936,C
17262,A
38730,D
24305,B
56554,C
36518,B
45397,D
38512,D
17145,B
81365,C
50163,D
46766,A
20333,B
28123,B
95415,C
90657,B
77658,C
92423,D
44545,A
91175,B
26048,C
22400,A
30073,B
40762,A
32413,B
16325,C
94578,C
32224,D
68209,C
46709,D
56449,B
79613,B
49969,B
72892,D
49408,B
84991,C
55414,A
99027,C
35836,C
98372,B
55057,A
2576,A
16621,A
66489,D
94964,B
90721,D
56608,B
24710,D
2020,A
10657,C
46059,C
35195,B
31573,D
43141,B
90709,B
35426,C
77371,B
92908,C
82378,B
76630,C
32372,B
27529,C
56630,D
72065,D
41362,C
75364,B
91597,B
96159,A
79827,D
51632,B
35909,D
8011,D
70349,A
25973,D
66088,C
59071,C
26476,D
29847,C
41964,C
35232,A
96328,D
93826,A
81554,C
4765,A
86694,A
86172,C
52350,C
81811,A
93450,B
18032,C
35462,C
32459,D
71430,C
38397,B
58145,B
84465,E
84431,B
72562,A
81506,B
70802,A
42888,B
93682,B
66934,D
12646,A
55898,D
92003,A
22889,B
35027,B
39583,D
57415,C
18502,C
89732,C
26251,C
67475,D
21827,B
90650,A
99047,B
50239,B
95943,C
89731,B
27797,B
91815,D
44834,D
92333,B
40301,A
21155,D
81019,B
73125,A
80911,C
38056,B
40164,B
8438,C
53520,C
91748,A
37623,B
38037,C
86244,B
32895,D
58971,C
45466,D
50430,C
19910,A
42315,C
45145,C
34028,B
17912,D
5808,C
83717,C
39957,A
4100,C
27380,B
411,B
74848,C
89716,E
54352,C
59563,C
83183,B
12419,B
73661,A
72731,C
78959,D
72679,C
25014,B
55086,A
5213,E
55582,B
6718,D
2503,C
61662,D
41735,A
24439,C
51857,A
34362,B
15807,A
26449,A
57761,B
39505,C
6237,B
71899,C
9329,B
45528,A
56849,C
10199,A
28985,C
89610,C
5194,D
22282,C
69391,B
63854,C
23894,C
85726,C
46411,C
4339,D
90641,B
39659,B
8813,B
62366,B
22622,B
36358,D
71689,C
60361,C
79405,A
45013,B
12281,D
82062,C
18973,B
10258,A
74994,D
16922,C
98233,B
55172,C
72604,A
86177,B
45134,C
10858,C
51238,D
99479,C
74023,C
92160,A
33308,C
33507,D
85978,A
7068,C
33486,C
52209,B
13292,A
79390,C
26231,E
86698,C
3178,C
55960,B
25715,C
47474,A
12610,A
47605,E
60820,A
76525,C
6998,A
4376,A
659,C
80761,D
48610,B
3387,C
44530,D
91470,C
52794,E
58360,B
54463,B
9886,D
44500,C
59044,B
91140,C
47293,B
49117,C
33500,D
34205,A
58272,C
90442,C
2973,B
26645,B
73679,C
43025,B
41159,B
95611,B
16649,B
7078,B
33712,D
64954,A
79530,C
58197,D
42930,C
76163,D
98410,B
82748,D
79344,C
41303,B
90654,A
22082,D
58270,C
30414,D
42427,C
58417,C
43071,B
48836,A
30756,B
84972,A
93591,B
4617,C
56134,B
78009,B
16523,B
85725,B
30456,B
546,D
17307,C
92691,B
12628,B
64166,C
49474,C
21805,C
64133,D
18122,C
76043,A
59306,D
81611,A
25454,B
17819,C
2340,B
9135,B
5818,B
94191,B
40516,A
61170,A
96427,B
86018,B
71045,C
34347,C
33127,A
13643,B
9636,B
75866,C
80325,B
81403,B
85878,D
93339,C
10080,B
6166,B
13057,C
5711,B
57287,C
11207,A
78440,C
87231,C
53256,B
434,D
78944,C
20118,C
17052,B
75299,A
26554,B
77154,B
44415,C
15224,C
42856,D
1457,B
10692,D
47924,C
89412,C
68960,D
18941,C
28646,D
62771,D
54837,A
80044,C
85334,D
70330,B
89385,B
44948,B
55802,B
61636,D
88766,C
73377,A
26275,C
489,C
65579,C
33391,C
33150,C
20759,C
15307,C
85079,C
53764,C
13443,B
15220,C
81452,C
78979,C
2595,D
45046,C
75190,C
80095,B
99320,C
49799,A
33841,C
88727,A
99144,C
84617,B
7829,C
13086,C
26912,B
76299,B
64577,B
26365,C
40865,C
62407,A
25483,B
65423,B
62587,C
82493,C
56920,A
20038,E
31780,B
6577,C
90635,B
60325,B
79018,E
89621,B
23332,B
73586,B
79327,B
51600,B
31608,D
26248,B
17205,A
89014,C
19015,C
98085,B
2807,D
43482,B
16323,B
21149,A
73758,C
76080,B
41456,C
1641,C
48163,B
11430,B
5902,C
73280,B
7076,B
13433,B
72093,C
63021,B
7126,B
96190,C
61684,C
17179,C
56834,C
99710,A
91718,C
85930,A
72762,B
38167,C
99889,B
54506,C
93379,D
64063,C
64490,D
86888,B
48502,C
98767,E
33889,D
30058,A
51994,D
52885,B
14184,B
8482,B
72941,A
47266,C
33352,C
31244,B
28055,B
4422,A
90605,C
5034,B
15678,A
38073,C
88145,D
52535,C
12819,B
64242,C
16672,B
18566,C
38432,B
83878,C
86701,A
55476,A
88859,C
32888,C
97824,B
45529,C
57189,A
3619,D
7476,D
62374,A
9866,E
3694,B
85850,B
30575,C
96879,C
60102,A
97941,C
17905,D
49760,D
71092,B
83052,A
34703,B
76451,B
80161,C
81372,C
98864,C
99882,B
47742,C
67821,C
84249,C
60924,C
56375,B
73848,B
5539,B
29857,A
70053,A
77895,A
33985,B
53831,C
68264,A
42447,A
60124,C
8036,C
40536,B
27336,C
83271,C
97060,C
83274,C
87045,D
96218,A
11658,C
61982,C
88487,A
47748,B
95265,C
60299,A
94541,A
12250,A
97138,D
89110,A
95289,C
58126,D
2153,D
35691,B
94645,B
4094,B
1859,B
64058,A
10232,B
97881,D
57838,D
9,D
47477,B
77237,A
63533,D
36998,B
26724,B
72287,D
49014,D
36262,C
82653,C
34320,D
3081,A
98585,A
37729,A
20679,A
89273,B
72638,C
30945,A
19824,B
88201,C
80487,C
30119,B
57958,C
59100,C
63738,C
29057,A
88021,A
65497,A
55665,C
86783,C
61419,B
97156,C
22655,D
50284,C
6549,C
16397,C
39177,D
728,D
52651,D
59123,C
28490,B
98015,A
29292,B
32491,C
18454,A
85413,B
7965,D
72162,C
94619,B
17545,B
49829,B
46560,D
83155,C
15824,C
79462,D
32712,B
18677,D
19579,B
86583,A
30292,C
32919,A
8628,D
77670,B
85361,C
43442,A
38999,C
31967,C
72431,B
4320,D
93943,A
70628,D
22142,B
17330,D
78128,D
40130,C
55730,A
61984,A
3948,A
62851,B
61061,A
68552,B
85062,C
87735,C
50513,A
17248,A
83400,B
61845,B
21047,A
84309,D
47060,B
1390,B
37918,C
52179,A
25117,C
87445,C
10708,B
69233,C
54974,C
43228,C
72704,C
55950,A
55037,C
14524,B
10891,B
23930,E
30770,D
35682,D
39872,C
84415,B
2353,A
31021,B
9190,B
21288,B
27085,B
49775,B
84121,A
38039,E
34505,C
50225,B
43908,C
68463,C
26210,C
19362,B
60812,D
94215,A
27458,B
3160,D
85360,B
78683,C
88292,C
59346,A
54748,B
1974,C
88467,B
21613,C
36371,B
4869,B
78618,E
67209,B
59935,C
54768,D
35722,C
15901,B
66372,B
14936,B
70919,B
40728,B
35182,D
83640,B
77770,D
73697,C
39591,B
53632,C
82247,A
95284,C
66893,C
8641,C
38089,D
52371,E
73948,A
22577,C
76229,C
7266,B
39803,B
59353,B
4907,B
83899,C
66464,B
69813,D
67498,A
17590,D
15100,A
42357,C
40759,D
9122,A
58927,A
97441,C
25429,B
25457,A
34399,A
23246,C
23507,D
46459,C
90043,B
57050,C
62664,C
50606,E
89369,B
69198,D
28006,A
77816,C
10988,D
99937,A
12943,B
82531,D
18999,B
58032,A
52241,C
40664,A
51162,D
62980,B
84013,D
31247,C
58891,C
68666,B
66939,C
45492,B
91590,B
76828,B
63639,C
51749,B
62272,C
54388,C
94494,D
47432,D
55391,C
12726,C
55664,C
27253,C
83588,B
67122,C
25794,B
15911,C
78631,B
97100,B
32853,C
71450,B
44825,B
26507,C
37246,B
29706,B
82589,D
48715,B
63104,C
13689,C
97368,B
54780,B
50760,D
24859,B
53125,E
97119,D
10739,A
20404,C
35072,B
93555,D
10075,A
82051,C
37429,C
14292,B
28765,E
27573,C
54481,C
16603,B
26391,C
17791,D
31600,C
37814,D
58750,C
39460,A
40594,B
99917,D
63635,C
56089,D
53273,C
16587,C
69861,B
14797,A
7136,B
56380,B
91796,B
59766,B
19914,B
84862,E
18652,B
60326,C
17474,B
24977,D
83752,A
20710,B
88194,C
87971,D
41189,D
7891,B
50194,B
12549,A
5862,C
44326,C
21291,B
60443,B
19959,B
21298,C
83802,C
47713,B
53460,C
29978,B
2637,B
22445,B
12650,B
48685,D
49417,B
74605,A
5619,C
38793,C
10851,B
92352,A
74710,A
11215,C
16379,B
24730,C
73016,A
19023,C
95400,B
16735,B
90599,B
64723,C
21341,A
46829,B
84905,D
22058,A
35123,C
14275,D
46738,A
81963,B
70758,D
56740,D
42931,D
16868,B
10229,B
19227,C
30844,B
10062,C
53396,B
5235,C
53343,A
77340,B
31790,A
34156,B
69393,D
58954,C
9894,C
45873,B
55139,D
68760,C
91505,C
2760,A
21896,A
98556,D
34901,D
49004,B
8070,B
11502,B
70773,C
83883,D
82396,C
61459,B
47382,C
41985,D
87214,B
48799,B
11124,B
33933,B
93772,B
68597,C
18229,B
19472,A
98719,B
94251,B
28212,C
54205,C
86603,D
69046,C
45248,C
59808,C
66788,D
70624,A
39952,D
22371,D
57073,B
11740,B
50080,C
99327,B
82362,B
8415,C
54179,C
94401,C
43747,D
82954,B
88719,C
46749,A
91623,B
71313,D
62559,B
89154,C
48710,B
67040,D
82281,D
40784,A
29163,C
59985,B
70724,A
14581,C
23,B
74334,A
83925,C
90872,B
66570,C
97731,B
27654,C
64872,C
62640,B
43666,C
8170,D
42354,B
79301,C
93804,B
62251,B
27421,A
26196,B
5800,B
46451,C
13538,A
82139,B
48170,C
88537,A
17220,C
96918,B
64900,C
97316,B
4079,C
84247,B
11978,A
89723,B
49251,A
60209,C
15232,A
16090,B
36865,B
48640,B
92670,B
15422,C
84361,D
95380,B
50287,C
47755,C
21388,D
98442,B
56287,B
56815,B
4432,A
85207,D
22056,C
67163,B
79618,C
81325,C
97692,B
57004,C
61626,C
62140,B
75041,B
42908,C
39894,C
35606,C
47082,A
74031,C
74621,D
63581,A
55615,B
95552,A
24152,B
84042,C
96150,C
27925,D
14331,C
47133,A
28926,B
40674,A
73668,C
17259,A
29917,C
58601,C
7314,C
91067,C
89544,C
89692,C
48994,B
19628,D
49192,C
93510,C
11309,B
10170,B
76050,C
1718,C
93755,A
44556,B
75397,B
68179,D
79169,C
74709,C
75572,C
46979,C
41979,B
67222,C
8247,D
15581,D
50688,A
49492,D
6594,A
32872,C
40779,C
16966,A
83661,B
10982,C
37177,C
83949,B
47158,A
57684,A
80876,A
26013,A
53244,C
2183,A
59398,C
14740,A
31543,D
23005,D
4465,C
48243,D
53910,C
30916,B
81294,C
43171,B
2628,B
47421,B
35537,B
55403,C
53652,C
99294,D
30654,A
70356,B
37706,A
56683,A
57765,B
84847,C
91688,C
413,C
93249,A
74116,C
46611,A
81568,B
61025,D
47852,A
7777,B
28987,C
53108,B
8843,B
93466,C
35906,C
1728,B
54383,C
23434,C
48727,A
49429,B
44383,C
62183,A
65600,C
73385,D
56088,A
54128,B
83296,A
68019,B
1562,B
32164,D
12172,A
35234,B
90445,C
98941,B
3039,D
74603,B
48563,C
25988,B
23977,C
5418,C
17241,C
20521,B
32342,D
53927,B
31409,D
67772,B
63321,B
66101,B
20901,B
50593,D
81686,B
3739,C
58938,C
89711,C
23331,B
23895,A
13736,D
34276,A
68499,C
72633,C
77243,D
73877,D
93130,C
57063,B
6726,C
47360,C
90939,C
11681,B
50370,B
79724,A
59214,B
62211,A
69271,C
91412,A
61512,B
97343,C
51491,B
6506,C
8893,C
622,C
97266,C
37750,C
31554,B
76356,A
88435,C
71452,C
30541,C
98902,A
39525,D
96938,C
42642,D
77613,B
84462,C
97204,C
88216,C
53860,C
64928,C
53408,C
81288,B
24182,D
26595,B
96696,B
78365,C
12465,D
3318,C
93301,C
46574,B
90532,B
58219,C
1844,C
92192,A
80660,A
56559,D
51371,B
86146,C
7551,B
71076,B
56279,B
2497,C
94096,B
16562,B
59613,C
66954,C
23527,A
22740,A
7716,A
60354,C
74411,C
80946,D
62483,C
41600,C
38009,C
38747,C
56667,C
44253,B
39900,A
11742,C
87201,C
92695,B
58291,D
82429,C
64699,C
95008,B
12166,B
45666,B
96559,B
92315,B
56616,C
84776,C
2534,D
21282,B
28749,E
4511,D
65030,A
36706,A
13919,B
88313,D
21746,D
50182,C
42238,D
81982,D
93974,C
29619,C
31128,E
36140,C
37015,B
51330,C
45547,D
69120,A
33649,C
20517,D
26877,C
14146,D
34444,C
55121,C
22866,A
35334,C
5480,B
69281,D
23564,D
51068,D
75245,C
92889,C
46367,C
41261,A
27663,A
49876,B
23565,B
65575,C
55423,C
55415,A
36033,C
56928,A
54904,C
32322,C
32110,C
94863,D
62189,B
85626,C
83202,D
97569,C
65027,A
5714,A
33632,B
4099,B
39034,C
90539,A
82087,E
10624,C
36181,C
42400,B
26691,B
90252,C
33558,C
55229,A
17986,D
91700,C
59583,B
65563,C
33221,D
50639,A
5805,C
59861,A
93063,A
38897,B
59442,C
37144,B
63272,C
31594,C
80018,B
78474,C
82329,C
64180,C
9233,B
11778,C
62086,C
49792,C
57211,A
68279,B
62281,B
19152,C
84813,A
35899,C
7110,C
63557,A
67074,B
85619,B
52605,D
97778,C
79558,D
38616,D
58477,B
65040,A
13305,A
78482,B
22713,B
64014,A
98456,C
41591,B
90903,A
71325,D
90082,A
48451,C
38557,A
85335,D
1798,C
72966,C
45645,D
48341,A
18220,B
59517,B
2633,C
22240,D
42060,D
42250,B
53814,C
9154,C
57386,B
25132,D
23846,B
31880,C
89718,D
47568,C
50137,B
61322,B
50971,C
6596,B
75003,B
51750,A
57980,A
78901,B
50530,B
5922,A
88811,C
3536,C
89555,C
88135,B
51888,C
51380,D
67294,D
