Hidden Layer Sizes,Activation Function,Learning Rate,Batch Size,Number of Epochs,Accuracy (Train),Accuracy (Test),Training Time,dataset
[2],tanh,0.01,32,10,0.3033859133720398,0.27581700682640076,4.7305991649627686,wine_quality
[2],tanh,0.01,32,15,0.3128126263618469,0.2823529541492462,9.792079210281372,wine_quality
[2],tanh,0.01,32,20,0.3135821521282196,0.2849673330783844,9.210935115814209,wine_quality
[2],tanh,0.01,64,10,0.08541747182607651,0.054901961237192154,2.567675828933716,wine_quality
[2],tanh,0.01,64,15,0.3008849620819092,0.27973857522010803,4.206604957580566,wine_quality
[2],tanh,0.01,64,20,0.3089649975299835,0.2862745225429535,4.98832893371582,wine_quality
[2],tanh,0.01,128,10,0.3008849620819092,0.27843138575553894,1.384239912033081,wine_quality
[2],tanh,0.01,128,15,0.14178530871868134,0.12941177189350128,2.012526035308838,wine_quality
[2],tanh,0.01,128,20,0.2531743049621582,0.23398692905902863,2.6441571712493896,wine_quality
[2],tanh,0.001,32,10,0.16160061955451965,0.19607843458652496,2.9258978366851807,wine_quality
[2],tanh,0.001,32,15,0.22970373928546906,0.2666666805744171,4.587429761886597,wine_quality
[2],tanh,0.001,32,20,0.28049248456954956,0.27450981736183167,6.225988864898682,wine_quality
[2],tanh,0.001,64,10,0.0,0.0,1.7698707580566406,wine_quality
[2],tanh,0.001,64,15,0.16160061955451965,0.19607843458652496,2.969365119934082,wine_quality
[2],tanh,0.001,64,20,0.16160061955451965,0.19607843458652496,3.7350568771362305,wine_quality
[2],tanh,0.001,128,10,0.0,0.0,1.220296859741211,wine_quality
[2],tanh,0.001,128,15,0.0,0.0,1.7980971336364746,wine_quality
[2],tanh,0.001,128,20,0.16160061955451965,0.19607843458652496,2.500382900238037,wine_quality
[2],tanh,0.0001,32,10,0.0,0.0,2.9238080978393555,wine_quality
[2],tanh,0.0001,32,15,0.0,0.0,4.309871196746826,wine_quality
[2],tanh,0.0001,32,20,0.0,0.0,5.752407073974609,wine_quality
[2],tanh,0.0001,64,10,0.0,0.0,1.7153263092041016,wine_quality
[2],tanh,0.0001,64,15,0.0,0.0,3.573333978652954,wine_quality
[2],tanh,0.0001,64,20,0.0,0.0,4.824155807495117,wine_quality
[2],tanh,0.0001,128,10,0.0,0.0,1.2197496891021729,wine_quality
[2],tanh,0.0001,128,15,0.0,0.0,1.9750070571899414,wine_quality
[2],tanh,0.0001,128,20,0.0,0.0,2.4465837478637695,wine_quality
[2],relu,0.01,32,10,0.33070412278175354,0.2823529541492462,2.876175880432129,wine_quality
[2],relu,0.01,32,15,0.3195459842681885,0.27843138575553894,4.320530891418457,wine_quality
[2],relu,0.01,32,20,0.3237783908843994,0.27712419629096985,5.818902969360352,wine_quality
[2],relu,0.01,64,10,0.32550981640815735,0.27712419629096985,1.7352650165557861,wine_quality
[2],relu,0.01,64,15,0.32166218757629395,0.27843138575553894,2.5167789459228516,wine_quality
[2],relu,0.01,64,20,0.3233936131000519,0.27973857522010803,3.4566762447357178,wine_quality
[2],relu,0.01,128,10,0.31512120366096497,0.2862745225429535,1.177117109298706,wine_quality
[2],relu,0.01,128,15,0.33051174879074097,0.2810457646846771,1.8320329189300537,wine_quality
[2],relu,0.01,128,20,0.3228164613246918,0.27843138575553894,2.70112681388855,wine_quality
[2],relu,0.001,32,10,0.16160061955451965,0.19607843458652496,3.1014626026153564,wine_quality
[2],relu,0.001,32,15,0.16160061955451965,0.19607843458652496,4.234621047973633,wine_quality
[2],relu,0.001,32,20,0.31127357482910156,0.3529411852359772,5.7920379638671875,wine_quality
[2],relu,0.001,64,10,0.002693343674764037,0.0,1.6802620887756348,wine_quality
[2],relu,0.001,64,15,0.16160061955451965,0.19607843458652496,2.702523946762085,wine_quality
[2],relu,0.001,64,20,0.16160061955451965,0.19607843458652496,3.4881601333618164,wine_quality
[2],relu,0.001,128,10,0.0,0.0,1.1903398036956787,wine_quality
[2],relu,0.001,128,15,0.0,0.0,1.9798619747161865,wine_quality
[2],relu,0.001,128,20,0.019815312698483467,0.0052287583239376545,3.2583401203155518,wine_quality
[2],relu,0.0001,32,10,0.0,0.0,6.297858715057373,wine_quality
[2],relu,0.0001,32,15,0.0,0.0,7.1688549518585205,wine_quality
[2],relu,0.0001,32,20,0.0,0.0,7.545351028442383,wine_quality
[2],relu,0.0001,64,10,0.0,0.0,2.984534978866577,wine_quality
[2],relu,0.0001,64,15,0.0,0.0,3.797495126724243,wine_quality
[2],relu,0.0001,64,20,0.0,0.0,4.733964920043945,wine_quality
[2],relu,0.0001,128,10,0.0,0.0,2.7930140495300293,wine_quality
[2],relu,0.0001,128,15,0.0,0.0,3.2939610481262207,wine_quality
[2],relu,0.0001,128,20,0.0,0.0,4.2712249755859375,wine_quality
[2],sigmoid,0.01,32,10,0.3668718636035919,0.37385621666908264,5.186994314193726,wine_quality
[2],sigmoid,0.01,32,15,0.3972681760787964,0.43790850043296814,6.8170716762542725,wine_quality
[2],sigmoid,0.01,32,20,0.41554445028305054,0.46535947918891907,8.62756085395813,wine_quality
[2],sigmoid,0.01,64,10,0.3212774097919464,0.3045751750469208,3.588923931121826,wine_quality
[2],sigmoid,0.01,64,15,0.3380146324634552,0.33986929059028625,3.2306528091430664,wine_quality
[2],sigmoid,0.01,64,20,0.3838014602661133,0.4104575216770172,6.4560301303863525,wine_quality
[2],sigmoid,0.01,128,10,0.3201231360435486,0.2967320382595062,1.812596082687378,wine_quality
[2],sigmoid,0.01,128,15,0.3170450031757355,0.3019607961177826,2.7799501419067383,wine_quality
[2],sigmoid,0.01,128,20,0.32474029064178467,0.32418301701545715,5.319709777832031,wine_quality
[2],sigmoid,0.001,32,10,0.4072720408439636,0.39084967970848083,6.051059007644653,wine_quality
[2],sigmoid,0.001,32,15,0.35840708017349243,0.3163398802280426,4.6326940059661865,wine_quality
[2],sigmoid,0.001,32,20,0.35686802864074707,0.3032679855823517,9.460944890975952,wine_quality
[2],sigmoid,0.001,64,10,0.4415159821510315,0.4588235318660736,2.914807081222534,wine_quality
[2],sigmoid,0.001,64,15,0.40265485644340515,0.3816993534564972,2.6617772579193115,wine_quality
[2],sigmoid,0.001,64,20,0.36398613452911377,0.32418301701545715,3.6117329597473145,wine_quality
[2],sigmoid,0.001,128,10,0.16160061955451965,0.19607843458652496,1.2720718383789062,wine_quality
[2],sigmoid,0.001,128,15,0.23624470829963684,0.2810457646846771,1.832364797592163,wine_quality
[2],sigmoid,0.001,128,20,0.3470565676689148,0.30588236451148987,2.4595818519592285,wine_quality
[2],sigmoid,0.0001,32,10,0.0,0.0,2.914011240005493,wine_quality
[2],sigmoid,0.0001,32,15,0.16160061955451965,0.19607843458652496,4.43367075920105,wine_quality
[2],sigmoid,0.0001,32,20,0.16160061955451965,0.19607843458652496,6.6121790409088135,wine_quality
[2],sigmoid,0.0001,64,10,0.0,0.0,1.8123431205749512,wine_quality
[2],sigmoid,0.0001,64,15,0.0,0.0,3.478243827819824,wine_quality
[2],sigmoid,0.0001,64,20,0.0,0.0,4.029776096343994,wine_quality
[2],sigmoid,0.0001,128,10,0.0,0.0,1.1650261878967285,wine_quality
[2],sigmoid,0.0001,128,15,0.0,0.0,1.7767868041992188,wine_quality
[2],sigmoid,0.0001,128,20,0.0,0.0,4.331043243408203,wine_quality
"[4, 4]",tanh,0.01,32,10,0.3283955454826355,0.27450981736183167,3.725477933883667,wine_quality
"[4, 4]",tanh,0.01,32,15,0.330319344997406,0.2823529541492462,5.194650173187256,wine_quality
"[4, 4]",tanh,0.01,32,20,0.3270488679409027,0.27973857522010803,6.532422065734863,wine_quality
"[4, 4]",tanh,0.01,64,10,0.33262792229652405,0.2823529541492462,1.977952003479004,wine_quality
"[4, 4]",tanh,0.01,64,15,0.3385917544364929,0.29281046986579895,2.883707046508789,wine_quality
"[4, 4]",tanh,0.01,64,20,0.33974605798721313,0.2888889014720917,3.7943508625030518,wine_quality
"[4, 4]",tanh,0.01,128,10,0.34724894165992737,0.2967320382595062,1.2799222469329834,wine_quality
"[4, 4]",tanh,0.01,128,15,0.3341669738292694,0.2823529541492462,1.918030023574829,wine_quality
"[4, 4]",tanh,0.01,128,20,0.33762985467910767,0.2862745225429535,2.592319965362549,wine_quality
"[4, 4]",tanh,0.001,32,10,0.38130050897598267,0.37254902720451355,3.1967291831970215,wine_quality
"[4, 4]",tanh,0.001,32,15,0.3478260934352875,0.29542484879493713,4.96938419342041,wine_quality
"[4, 4]",tanh,0.001,32,20,0.3385917544364929,0.2849673330783844,6.760149955749512,wine_quality
"[4, 4]",tanh,0.001,64,10,0.3566756546497345,0.3019607961177826,1.9492521286010742,wine_quality
"[4, 4]",tanh,0.001,64,15,0.3670642673969269,0.34379085898399353,3.3241190910339355,wine_quality
"[4, 4]",tanh,0.001,64,20,0.3811081051826477,0.37385621666908264,4.498676061630249,wine_quality
"[4, 4]",tanh,0.001,128,10,0.34551751613616943,0.2836601436138153,1.2890160083770752,wine_quality
"[4, 4]",tanh,0.001,128,15,0.35821470618247986,0.29281046986579895,1.9915709495544434,wine_quality
"[4, 4]",tanh,0.001,128,20,0.35648325085639954,0.3137255012989044,2.5917210578918457,wine_quality
"[4, 4]",tanh,0.0001,32,10,0.3432089388370514,0.2875817120075226,3.1462972164154053,wine_quality
"[4, 4]",tanh,0.0001,32,15,0.34301653504371643,0.2862745225429535,4.773092746734619,wine_quality
"[4, 4]",tanh,0.0001,32,20,0.3439784646034241,0.2849673330783844,6.554434061050415,wine_quality
"[4, 4]",tanh,0.0001,64,10,0.3453251123428345,0.2862745225429535,1.9441978931427002,wine_quality
"[4, 4]",tanh,0.0001,64,15,0.34417083859443665,0.2862745225429535,2.884510040283203,wine_quality
"[4, 4]",tanh,0.0001,64,20,0.3453251123428345,0.2849673330783844,3.753702163696289,wine_quality
"[4, 4]",tanh,0.0001,128,10,0.3451327383518219,0.2849673330783844,1.338451862335205,wine_quality
"[4, 4]",tanh,0.0001,128,15,0.3453251123428345,0.2875817120075226,1.9211997985839844,wine_quality
"[4, 4]",tanh,0.0001,128,20,0.3443632125854492,0.2875817120075226,2.82059907913208,wine_quality
"[4, 4]",relu,0.01,32,10,0.3330127000808716,0.2823529541492462,3.5412490367889404,wine_quality
"[4, 4]",relu,0.01,32,15,0.31396690011024475,0.27450981736183167,4.907569169998169,wine_quality
"[4, 4]",relu,0.01,32,20,0.2795305848121643,0.2718954384326935,6.624783277511597,wine_quality
"[4, 4]",relu,0.01,64,10,0.3128126263618469,0.27450981736183167,1.9093620777130127,wine_quality
"[4, 4]",relu,0.01,64,15,0.33070412278175354,0.2823529541492462,2.8799359798431396,wine_quality
"[4, 4]",relu,0.01,64,20,0.3349364995956421,0.2836601436138153,3.8162312507629395,wine_quality
"[4, 4]",relu,0.01,128,10,0.3297422230243683,0.2810457646846771,1.3154869079589844,wine_quality
"[4, 4]",relu,0.01,128,15,0.30107733607292175,0.2732026278972626,2.424834966659546,wine_quality
"[4, 4]",relu,0.01,128,20,0.29280492663383484,0.2718954384326935,2.4904420375823975,wine_quality
"[4, 4]",relu,0.001,32,10,0.3387841582298279,0.2849673330783844,3.0692989826202393,wine_quality
"[4, 4]",relu,0.001,32,15,0.34090033173561096,0.2836601436138153,4.609440088272095,wine_quality
"[4, 4]",relu,0.001,32,20,0.3405155837535858,0.2823529541492462,6.417913913726807,wine_quality
"[4, 4]",relu,0.001,64,10,0.3437860608100891,0.2810457646846771,2.8207008838653564,wine_quality
"[4, 4]",relu,0.001,64,15,0.3382070064544678,0.2836601436138153,3.8904759883880615,wine_quality
"[4, 4]",relu,0.001,64,20,0.3407079577445984,0.2810457646846771,4.8570029735565186,wine_quality
"[4, 4]",relu,0.001,128,10,0.33455175161361694,0.2862745225429535,1.1881189346313477,wine_quality
"[4, 4]",relu,0.001,128,15,0.3607156574726105,0.3124183118343353,1.7857160568237305,wine_quality
"[4, 4]",relu,0.001,128,20,0.33762985467910767,0.2823529541492462,2.595709800720215,wine_quality
"[4, 4]",relu,0.0001,32,10,0.1021546721458435,0.07058823853731155,3.179090738296509,wine_quality
"[4, 4]",relu,0.0001,32,15,0.16083109378814697,0.13464052975177765,4.934988737106323,wine_quality
"[4, 4]",relu,0.0001,32,20,0.22893419861793518,0.2052287608385086,6.559168815612793,wine_quality
"[4, 4]",relu,0.0001,64,10,0.05886879563331604,0.03660130873322487,1.896233081817627,wine_quality
"[4, 4]",relu,0.0001,64,15,0.08926510065793991,0.05882352963089943,2.6709282398223877,wine_quality
"[4, 4]",relu,0.0001,64,20,0.1150442510843277,0.08366013318300247,3.498840808868408,wine_quality
"[4, 4]",relu,0.0001,128,10,0.045979224145412445,0.0235294122248888,1.2250151634216309,wine_quality
"[4, 4]",relu,0.0001,128,15,0.05386687070131302,0.0313725508749485,1.847062110900879,wine_quality
"[4, 4]",relu,0.0001,128,20,0.06598691642284393,0.040522877126932144,2.5222549438476562,wine_quality
"[4, 4]",sigmoid,0.01,32,10,0.4355521500110626,0.4588235318660736,3.5887322425842285,wine_quality
"[4, 4]",sigmoid,0.01,32,15,0.4324740171432495,0.4588235318660736,4.680008888244629,wine_quality
"[4, 4]",sigmoid,0.01,32,20,0.43285879492759705,0.4588235318660736,5.903537034988403,wine_quality
"[4, 4]",sigmoid,0.01,64,10,0.4445940852165222,0.4745098054409027,1.8587210178375244,wine_quality
"[4, 4]",sigmoid,0.01,64,15,0.43670642375946045,0.4575163424015045,2.531309127807617,wine_quality
"[4, 4]",sigmoid,0.01,64,20,0.43208926916122437,0.4588235318660736,3.752498149871826,wine_quality
"[4, 4]",sigmoid,0.01,128,10,0.4236244857311249,0.42352941632270813,1.1538870334625244,wine_quality
"[4, 4]",sigmoid,0.01,128,15,0.44170835614204407,0.46405228972435,1.7401940822601318,wine_quality
"[4, 4]",sigmoid,0.01,128,20,0.4338206946849823,0.4601307213306427,2.350517988204956,wine_quality
"[4, 4]",sigmoid,0.001,32,10,0.34917277097702026,0.2823529541492462,2.991032838821411,wine_quality
"[4, 4]",sigmoid,0.001,32,15,0.35321277379989624,0.29019609093666077,4.2500739097595215,wine_quality
"[4, 4]",sigmoid,0.001,32,20,0.352250874042511,0.29281046986579895,5.913137197494507,wine_quality
"[4, 4]",sigmoid,0.001,64,10,0.3482108414173126,0.29150328040122986,1.669081687927246,wine_quality
"[4, 4]",sigmoid,0.001,64,15,0.34417083859443665,0.2823529541492462,2.7020671367645264,wine_quality
"[4, 4]",sigmoid,0.001,64,20,0.3445555865764618,0.2836601436138153,3.6429331302642822,wine_quality
"[4, 4]",sigmoid,0.001,128,10,0.4388226270675659,0.4614379107952118,1.1867890357971191,wine_quality
"[4, 4]",sigmoid,0.001,128,15,0.3591766059398651,0.3124183118343353,1.7529678344726562,wine_quality
"[4, 4]",sigmoid,0.001,128,20,0.3424394130706787,0.2862745225429535,2.3594810962677,wine_quality
"[4, 4]",sigmoid,0.0001,32,10,0.33435937762260437,0.2849673330783844,2.8846628665924072,wine_quality
"[4, 4]",sigmoid,0.0001,32,15,0.33435937762260437,0.2849673330783844,4.187723159790039,wine_quality
"[4, 4]",sigmoid,0.0001,32,20,0.34340131282806396,0.2836601436138153,5.90876317024231,wine_quality
"[4, 4]",sigmoid,0.0001,64,10,0.33435937762260437,0.2849673330783844,1.6588771343231201,wine_quality
"[4, 4]",sigmoid,0.0001,64,15,0.33435937762260437,0.2849673330783844,2.3429200649261475,wine_quality
"[4, 4]",sigmoid,0.0001,64,20,0.33435937762260437,0.2849673330783844,3.405205011367798,wine_quality
"[4, 4]",sigmoid,0.0001,128,10,0.33435937762260437,0.2849673330783844,1.1506330966949463,wine_quality
"[4, 4]",sigmoid,0.0001,128,15,0.33435937762260437,0.2849673330783844,1.7116332054138184,wine_quality
"[4, 4]",sigmoid,0.0001,128,20,0.33435937762260437,0.2849673330783844,2.2057201862335205,wine_quality
"[25, 30]",tanh,0.01,32,10,0.430550217628479,0.4562091529369354,2.7248618602752686,wine_quality
"[25, 30]",tanh,0.01,32,15,0.38841861486434937,0.40522876381874084,4.551027774810791,wine_quality
"[25, 30]",tanh,0.01,32,20,0.4107348918914795,0.45228758454322815,5.474792003631592,wine_quality
"[25, 30]",tanh,0.01,64,10,0.35956138372421265,0.29411765933036804,1.744230031967163,wine_quality
"[25, 30]",tanh,0.01,64,15,0.3759137988090515,0.3516339957714081,2.8777880668640137,wine_quality
"[25, 30]",tanh,0.01,64,20,0.39380529522895813,0.39084967970848083,4.239612102508545,wine_quality
"[25, 30]",tanh,0.01,128,10,0.3880338668823242,0.40784314274787903,1.3068528175354004,wine_quality
"[25, 30]",tanh,0.01,128,15,0.4184301793575287,0.4562091529369354,1.873478889465332,wine_quality
"[25, 30]",tanh,0.01,128,20,0.37764525413513184,0.4431372582912445,2.5714619159698486,wine_quality
"[25, 30]",tanh,0.001,32,10,0.3424394130706787,0.2862745225429535,3.316965103149414,wine_quality
"[25, 30]",tanh,0.001,32,15,0.3426317870616913,0.2967320382595062,8.846421003341675,wine_quality
"[25, 30]",tanh,0.001,32,20,0.3443632125854492,0.29150328040122986,6.946630954742432,wine_quality
"[25, 30]",tanh,0.001,64,10,0.34090033173561096,0.29150328040122986,3.0123820304870605,wine_quality
"[25, 30]",tanh,0.001,64,15,0.33782222867012024,0.2888889014720917,3.344083070755005,wine_quality
"[25, 30]",tanh,0.001,64,20,0.33647558093070984,0.2862745225429535,3.791342258453369,wine_quality
"[25, 30]",tanh,0.001,128,10,0.3470565676689148,0.29281046986579895,1.2005581855773926,wine_quality
"[25, 30]",tanh,0.001,128,15,0.34224700927734375,0.29542484879493713,1.7838718891143799,wine_quality
"[25, 30]",tanh,0.001,128,20,0.33378222584724426,0.2888889014720917,2.3797221183776855,wine_quality
"[25, 30]",tanh,0.0001,32,10,0.31127357482910156,0.2875817120075226,2.920717716217041,wine_quality
"[25, 30]",tanh,0.0001,32,15,0.34801846742630005,0.30718955397605896,4.204337120056152,wine_quality
"[25, 30]",tanh,0.0001,32,20,0.34667178988456726,0.3045751750469208,5.759012699127197,wine_quality
"[25, 30]",tanh,0.0001,64,10,0.25682955980300903,0.27450981736183167,1.6515309810638428,wine_quality
"[25, 30]",tanh,0.0001,64,15,0.3033859133720398,0.2875817120075226,2.5055301189422607,wine_quality
"[25, 30]",tanh,0.0001,64,20,0.33339744806289673,0.3006536066532135,3.3139991760253906,wine_quality
"[25, 30]",tanh,0.0001,128,10,0.15140438079833984,0.1882352977991104,1.1228439807891846,wine_quality
"[25, 30]",tanh,0.0001,128,15,0.20911888778209686,0.25882354378700256,1.7078227996826172,wine_quality
"[25, 30]",tanh,0.0001,128,20,0.2724124789237976,0.2718954384326935,2.3095967769622803,wine_quality
"[25, 30]",relu,0.01,32,10,0.11388995498418808,0.11241830140352249,2.7520298957824707,wine_quality
"[25, 30]",relu,0.01,32,15,0.041554443538188934,0.026143791154026985,4.126670837402344,wine_quality
"[25, 30]",relu,0.01,32,20,0.13774529099464417,0.08104575425386429,5.542649030685425,wine_quality
"[25, 30]",relu,0.01,64,10,0.3632166087627411,0.29411765933036804,1.7301230430603027,wine_quality
"[25, 30]",relu,0.01,64,15,0.2983839809894562,0.2222222238779068,2.4512150287628174,wine_quality
"[25, 30]",relu,0.01,64,20,0.17045016586780548,0.09150326997041702,3.4245550632476807,wine_quality
"[25, 30]",relu,0.01,128,10,0.3353212773799896,0.2862745225429535,1.1751649379730225,wine_quality
"[25, 30]",relu,0.01,128,15,0.3266640901565552,0.2692810595035553,1.7639920711517334,wine_quality
"[25, 30]",relu,0.01,128,20,0.19392073154449463,0.15163399279117584,2.1696271896362305,wine_quality
"[25, 30]",relu,0.001,32,10,0.349749892950058,0.3032679855823517,2.8852710723876953,wine_quality
"[25, 30]",relu,0.001,32,15,0.34724894165992737,0.2888889014720917,4.145779848098755,wine_quality
"[25, 30]",relu,0.001,32,20,0.35186609625816345,0.29281046986579895,5.582463979721069,wine_quality
"[25, 30]",relu,0.001,64,10,0.3453251123428345,0.2875817120075226,1.582533836364746,wine_quality
"[25, 30]",relu,0.001,64,15,0.34667178988456726,0.2862745225429535,2.5457050800323486,wine_quality
"[25, 30]",relu,0.001,64,20,0.34801846742630005,0.2888889014720917,3.440329074859619,wine_quality
"[25, 30]",relu,0.001,128,10,0.34417083859443665,0.2849673330783844,1.2903389930725098,wine_quality
"[25, 30]",relu,0.001,128,15,0.345709890127182,0.2823529541492462,1.907634973526001,wine_quality
"[25, 30]",relu,0.001,128,20,0.34994229674339294,0.2862745225429535,2.4012341499328613,wine_quality
"[25, 30]",relu,0.0001,32,10,0.3374374806880951,0.2849673330783844,2.718518018722534,wine_quality
"[25, 30]",relu,0.0001,32,15,0.34359368681907654,0.2823529541492462,4.070581912994385,wine_quality
"[25, 30]",relu,0.0001,32,20,0.34340131282806396,0.2810457646846771,5.370713233947754,wine_quality
"[25, 30]",relu,0.0001,64,10,0.3349364995956421,0.2862745225429535,1.602168083190918,wine_quality
"[25, 30]",relu,0.0001,64,15,0.336860328912735,0.2849673330783844,2.336887836456299,wine_quality
"[25, 30]",relu,0.0001,64,20,0.33955368399620056,0.2862745225429535,3.5738751888275146,wine_quality
"[25, 30]",relu,0.0001,128,10,0.33378222584724426,0.2849673330783844,1.3236699104309082,wine_quality
"[25, 30]",relu,0.0001,128,15,0.33435937762260437,0.2849673330783844,1.8984918594360352,wine_quality
"[25, 30]",relu,0.0001,128,20,0.3349364995956421,0.2849673330783844,2.8091368675231934,wine_quality
"[25, 30]",sigmoid,0.01,32,10,0.3382070064544678,0.2888889014720917,3.0022809505462646,wine_quality
"[25, 30]",sigmoid,0.01,32,15,0.4049634337425232,0.4431372582912445,4.089056015014648,wine_quality
"[25, 30]",sigmoid,0.01,32,20,0.43035784363746643,0.4431372582912445,5.640773773193359,wine_quality
"[25, 30]",sigmoid,0.01,64,10,0.3451327383518219,0.2993464171886444,1.888946771621704,wine_quality
"[25, 30]",sigmoid,0.01,64,15,0.34032320976257324,0.2875817120075226,2.5907230377197266,wine_quality
"[25, 30]",sigmoid,0.01,64,20,0.3420546352863312,0.2888889014720917,3.7641758918762207,wine_quality
"[25, 30]",sigmoid,0.01,128,10,0.42458638548851013,0.4588235318660736,1.1488161087036133,wine_quality
"[25, 30]",sigmoid,0.01,128,15,0.38976529240608215,0.3921568691730499,1.708949089050293,wine_quality
"[25, 30]",sigmoid,0.01,128,20,0.39380529522895813,0.3843137323856354,2.174999952316284,wine_quality
"[25, 30]",sigmoid,0.001,32,10,0.34224700927734375,0.29542484879493713,2.693315029144287,wine_quality
"[25, 30]",sigmoid,0.001,32,15,0.3449403643608093,0.2993464171886444,4.094774961471558,wine_quality
"[25, 30]",sigmoid,0.001,32,20,0.3484032452106476,0.3124183118343353,5.3728790283203125,wine_quality
"[25, 30]",sigmoid,0.001,64,10,0.34859561920166016,0.29150328040122986,1.6292078495025635,wine_quality
"[25, 30]",sigmoid,0.001,64,15,0.34686416387557983,0.29281046986579895,2.399247169494629,wine_quality
"[25, 30]",sigmoid,0.001,64,20,0.34609463810920715,0.2980392277240753,3.226209878921509,wine_quality
"[25, 30]",sigmoid,0.001,128,10,0.35263562202453613,0.2875817120075226,1.0863122940063477,wine_quality
"[25, 30]",sigmoid,0.001,128,15,0.35302039980888367,0.29281046986579895,1.6557939052581787,wine_quality
"[25, 30]",sigmoid,0.001,128,20,0.3495575189590454,0.29150328040122986,2.2672970294952393,wine_quality
"[25, 30]",sigmoid,0.0001,32,10,0.43343594670295715,0.4588235318660736,2.8018341064453125,wine_quality
"[25, 30]",sigmoid,0.0001,32,15,0.42247018218040466,0.4313725531101227,4.035153150558472,wine_quality
"[25, 30]",sigmoid,0.0001,32,20,0.36975759267807007,0.34117648005485535,5.398882150650024,wine_quality
"[25, 30]",sigmoid,0.0001,64,10,0.35513660311698914,0.29411765933036804,1.6001808643341064,wine_quality
"[25, 30]",sigmoid,0.0001,64,15,0.43343594670295715,0.4588235318660736,2.384242296218872,wine_quality
"[25, 30]",sigmoid,0.0001,64,20,0.43343594670295715,0.4588235318660736,3.2721080780029297,wine_quality
"[25, 30]",sigmoid,0.0001,128,10,0.33435937762260437,0.2849673330783844,1.0654749870300293,wine_quality
"[25, 30]",sigmoid,0.0001,128,15,0.33435937762260437,0.2849673330783844,1.829397201538086,wine_quality
"[25, 30]",sigmoid,0.0001,128,20,0.352250874042511,0.29150328040122986,2.1666128635406494,wine_quality
"[20, 25, 30]",tanh,0.01,32,10,0.3597537577152252,0.3346405327320099,2.9773712158203125,wine_quality
"[20, 25, 30]",tanh,0.01,32,15,0.3295498192310333,0.2875817120075226,4.473304748535156,wine_quality
"[20, 25, 30]",tanh,0.01,32,20,0.32801076769828796,0.2810457646846771,6.6912689208984375,wine_quality
"[20, 25, 30]",tanh,0.01,64,10,0.3137745261192322,0.2875817120075226,1.7753746509552002,wine_quality
"[20, 25, 30]",tanh,0.01,64,15,0.32435551285743713,0.30718955397605896,2.6123549938201904,wine_quality
"[20, 25, 30]",tanh,0.01,64,20,0.30242401361465454,0.2732026278972626,3.5152931213378906,wine_quality
"[20, 25, 30]",tanh,0.01,128,10,0.31069642305374146,0.27450981736183167,1.2363648414611816,wine_quality
"[20, 25, 30]",tanh,0.01,128,15,0.31262025237083435,0.2732026278972626,1.8508028984069824,wine_quality
"[20, 25, 30]",tanh,0.01,128,20,0.3099268972873688,0.2810457646846771,2.4877541065216064,wine_quality
"[20, 25, 30]",tanh,0.001,32,10,0.3224317133426666,0.27450981736183167,2.944700002670288,wine_quality
"[20, 25, 30]",tanh,0.001,32,15,0.32166218757629395,0.2692810595035553,7.629526853561401,wine_quality
"[20, 25, 30]",tanh,0.001,32,20,0.33070412278175354,0.27712419629096985,6.340195178985596,wine_quality
"[20, 25, 30]",tanh,0.001,64,10,0.3289726674556732,0.2823529541492462,1.7975361347198486,wine_quality
"[20, 25, 30]",tanh,0.001,64,15,0.323970764875412,0.2810457646846771,5.345465183258057,wine_quality
"[20, 25, 30]",tanh,0.001,64,20,0.3270488679409027,0.2888889014720917,6.420220851898193,wine_quality
"[20, 25, 30]",tanh,0.001,128,10,0.3272412419319153,0.27581700682640076,2.8314318656921387,wine_quality
"[20, 25, 30]",tanh,0.001,128,15,0.32801076769828796,0.27843138575553894,4.552322149276733,wine_quality
"[20, 25, 30]",tanh,0.001,128,20,0.32801076769828796,0.2810457646846771,7.313091993331909,wine_quality
"[20, 25, 30]",tanh,0.0001,32,10,0.3155059516429901,0.27973857522010803,5.3922460079193115,wine_quality
"[20, 25, 30]",tanh,0.0001,32,15,0.33185839653015137,0.2823529541492462,6.548859119415283,wine_quality
"[20, 25, 30]",tanh,0.0001,32,20,0.33455175161361694,0.27712419629096985,10.465410232543945,wine_quality
"[20, 25, 30]",tanh,0.0001,64,10,0.3066564202308655,0.27450981736183167,2.544543981552124,wine_quality
"[20, 25, 30]",tanh,0.0001,64,15,0.3097345232963562,0.2810457646846771,3.0403950214385986,wine_quality
"[20, 25, 30]",tanh,0.0001,64,20,0.3149288296699524,0.27450981736183167,4.024687051773071,wine_quality
"[20, 25, 30]",tanh,0.0001,128,10,0.29915350675582886,0.2705882489681244,1.3770849704742432,wine_quality
"[20, 25, 30]",tanh,0.0001,128,15,0.3047325909137726,0.27450981736183167,2.037637948989868,wine_quality
"[20, 25, 30]",tanh,0.0001,128,20,0.30819547176361084,0.27843138575553894,2.700361967086792,wine_quality
"[20, 25, 30]",relu,0.01,32,10,0.2970373332500458,0.27581700682640076,3.2541449069976807,wine_quality
"[20, 25, 30]",relu,0.01,32,15,0.3464794158935547,0.2823529541492462,4.776914119720459,wine_quality
"[20, 25, 30]",relu,0.01,32,20,0.05175067484378815,0.018300654366612434,6.77847695350647,wine_quality
"[20, 25, 30]",relu,0.01,64,10,0.010580992326140404,0.003921568859368563,2.2720179557800293,wine_quality
"[20, 25, 30]",relu,0.01,64,15,0.005579068791121244,0.0013071895809844136,2.826493978500366,wine_quality
"[20, 25, 30]",relu,0.01,64,20,0.0044247787445783615,0.0026143791619688272,3.6126179695129395,wine_quality
"[20, 25, 30]",relu,0.01,128,10,0.10754135996103287,0.07712418586015701,1.1755378246307373,wine_quality
"[20, 25, 30]",relu,0.01,128,15,0.040784917771816254,0.013071895577013493,1.7801108360290527,wine_quality
"[20, 25, 30]",relu,0.01,128,20,0.017506733536720276,0.0026143791619688272,2.381877899169922,wine_quality
"[20, 25, 30]",relu,0.001,32,10,0.3228164613246918,0.2823529541492462,2.998016119003296,wine_quality
"[20, 25, 30]",relu,0.001,32,15,0.3264717161655426,0.2810457646846771,4.510558128356934,wine_quality
"[20, 25, 30]",relu,0.001,32,20,0.33397459983825684,0.2862745225429535,6.170218229293823,wine_quality
"[20, 25, 30]",relu,0.001,64,10,0.3207002580165863,0.2849673330783844,1.7797479629516602,wine_quality
"[20, 25, 30]",relu,0.001,64,15,0.32089266180992126,0.2875817120075226,2.706166982650757,wine_quality
"[20, 25, 30]",relu,0.001,64,20,0.3276260197162628,0.2862745225429535,3.5586459636688232,wine_quality
"[20, 25, 30]",relu,0.001,128,10,0.3166602551937103,0.29150328040122986,1.1834931373596191,wine_quality
"[20, 25, 30]",relu,0.001,128,15,0.31723740696907043,0.2875817120075226,1.7531511783599854,wine_quality
"[20, 25, 30]",relu,0.001,128,20,0.32108503580093384,0.2823529541492462,2.449256181716919,wine_quality
"[20, 25, 30]",relu,0.0001,32,10,0.42651018500328064,0.4575163424015045,3.1055948734283447,wine_quality
"[20, 25, 30]",relu,0.0001,32,15,0.4113120436668396,0.4470588266849518,4.509304046630859,wine_quality
"[20, 25, 30]",relu,0.0001,32,20,0.4420931041240692,0.4614379107952118,6.118963003158569,wine_quality
"[20, 25, 30]",relu,0.0001,64,10,0.43228164315223694,0.4588235318660736,1.7510221004486084,wine_quality
"[20, 25, 30]",relu,0.0001,64,15,0.4286263883113861,0.4575163424015045,2.630094051361084,wine_quality
"[20, 25, 30]",relu,0.0001,64,20,0.4234320819377899,0.4601307213306427,3.509986162185669,wine_quality
"[20, 25, 30]",relu,0.0001,128,10,0.4272797107696533,0.4562091529369354,1.169722318649292,wine_quality
"[20, 25, 30]",relu,0.0001,128,15,0.43228164315223694,0.4588235318660736,1.737720012664795,wine_quality
"[20, 25, 30]",relu,0.0001,128,20,0.4326664209365845,0.4588235318660736,2.358297824859619,wine_quality
"[20, 25, 30]",sigmoid,0.01,32,10,0.42323970794677734,0.4627451002597809,3.2058157920837402,wine_quality
"[20, 25, 30]",sigmoid,0.01,32,15,0.4107348918914795,0.4588235318660736,5.024487018585205,wine_quality
"[20, 25, 30]",sigmoid,0.01,32,20,0.4066948890686035,0.4483660161495209,6.216738939285278,wine_quality
"[20, 25, 30]",sigmoid,0.01,64,10,0.406310111284256,0.4274509847164154,1.8324368000030518,wine_quality
"[20, 25, 30]",sigmoid,0.01,64,15,0.4036167860031128,0.4156862795352936,2.6973698139190674,wine_quality
"[20, 25, 30]",sigmoid,0.01,64,20,0.3830319344997406,0.4313725531101227,3.6178619861602783,wine_quality
"[20, 25, 30]",sigmoid,0.01,128,10,0.3495575189590454,0.31111112236976624,1.1754260063171387,wine_quality
"[20, 25, 30]",sigmoid,0.01,128,15,0.3528279960155487,0.30718955397605896,1.782846212387085,wine_quality
"[20, 25, 30]",sigmoid,0.01,128,20,0.4066948890686035,0.4104575216770172,2.5478086471557617,wine_quality
"[20, 25, 30]",sigmoid,0.001,32,10,0.3424394130706787,0.29281046986579895,3.156818389892578,wine_quality
"[20, 25, 30]",sigmoid,0.001,32,15,0.37168142199516296,0.3333333432674408,5.564877033233643,wine_quality
"[20, 25, 30]",sigmoid,0.001,32,20,0.3489803671836853,0.3006536066532135,5.971573829650879,wine_quality
"[20, 25, 30]",sigmoid,0.001,64,10,0.352058470249176,0.2862745225429535,1.7787127494812012,wine_quality
"[20, 25, 30]",sigmoid,0.001,64,15,0.3439784646034241,0.29150328040122986,3.196181058883667,wine_quality
"[20, 25, 30]",sigmoid,0.001,64,20,0.34551751613616943,0.29281046986579895,3.8016409873962402,wine_quality
"[20, 25, 30]",sigmoid,0.001,128,10,0.3420546352863312,0.2875817120075226,1.215123176574707,wine_quality
"[20, 25, 30]",sigmoid,0.001,128,15,0.34994229674339294,0.2849673330783844,1.7645690441131592,wine_quality
"[20, 25, 30]",sigmoid,0.001,128,20,0.35109657049179077,0.29281046986579895,2.385380744934082,wine_quality
"[20, 25, 30]",sigmoid,0.0001,32,10,0.43343594670295715,0.4588235318660736,2.9722771644592285,wine_quality
"[20, 25, 30]",sigmoid,0.0001,32,15,0.43343594670295715,0.4588235318660736,4.496165037155151,wine_quality
"[20, 25, 30]",sigmoid,0.0001,32,20,0.43285879492759705,0.4588235318660736,6.080995798110962,wine_quality
"[20, 25, 30]",sigmoid,0.0001,64,10,0.4330511689186096,0.4588235318660736,1.772010087966919,wine_quality
"[20, 25, 30]",sigmoid,0.0001,64,15,0.43343594670295715,0.4588235318660736,4.647257089614868,wine_quality
"[20, 25, 30]",sigmoid,0.0001,64,20,0.43343594670295715,0.4588235318660736,6.744860887527466,wine_quality
"[20, 25, 30]",sigmoid,0.0001,128,10,0.33435937762260437,0.2849673330783844,1.6630618572235107,wine_quality
"[20, 25, 30]",sigmoid,0.0001,128,15,0.33435937762260437,0.2849673330783844,2.8838071823120117,wine_quality
"[20, 25, 30]",sigmoid,0.0001,128,20,0.43343594670295715,0.4588235318660736,6.377057075500488,wine_quality
[2],tanh,0.01,32,10,0.6379310488700867,0.6511628031730652,0.24496722221374512,cong_voting
[2],tanh,0.01,32,15,0.6379310488700867,0.6511628031730652,0.4286510944366455,cong_voting
[2],tanh,0.01,32,20,0.6436781883239746,0.6511628031730652,0.3813900947570801,cong_voting
[2],tanh,0.01,64,10,0.6551724076271057,0.6511628031730652,0.1297621726989746,cong_voting
[2],tanh,0.01,64,15,0.6379310488700867,0.6511628031730652,0.21120285987854004,cong_voting
[2],tanh,0.01,64,20,0.6321839094161987,0.6511628031730652,0.2041759490966797,cong_voting
[2],tanh,0.01,128,10,0.6551724076271057,0.6511628031730652,0.08454012870788574,cong_voting
[2],tanh,0.01,128,15,0.6551724076271057,0.6279069781303406,0.11763286590576172,cong_voting
[2],tanh,0.01,128,20,0.6379310488700867,0.6511628031730652,0.1617259979248047,cong_voting
[2],tanh,0.001,32,10,0.3735632300376892,0.3720930218696594,0.18889594078063965,cong_voting
[2],tanh,0.001,32,15,0.3735632300376892,0.3720930218696594,0.23480796813964844,cong_voting
[2],tanh,0.001,32,20,0.3735632300376892,0.3720930218696594,0.30597496032714844,cong_voting
[2],tanh,0.001,64,10,0.36781609058380127,0.3720930218696594,0.10418200492858887,cong_voting
[2],tanh,0.001,64,15,0.3735632300376892,0.3720930218696594,0.14452695846557617,cong_voting
[2],tanh,0.001,64,20,0.3735632300376892,0.3720930218696594,0.2218937873840332,cong_voting
[2],tanh,0.001,128,10,0.36781609058380127,0.3720930218696594,0.09444594383239746,cong_voting
[2],tanh,0.001,128,15,0.36781609058380127,0.3720930218696594,0.12332487106323242,cong_voting
[2],tanh,0.001,128,20,0.36781609058380127,0.3720930218696594,0.15681171417236328,cong_voting
[2],tanh,0.0001,32,10,0.36781609058380127,0.3720930218696594,0.16020798683166504,cong_voting
[2],tanh,0.0001,32,15,0.36781609058380127,0.3720930218696594,0.19596409797668457,cong_voting
[2],tanh,0.0001,32,20,0.36781609058380127,0.3720930218696594,0.3207559585571289,cong_voting
[2],tanh,0.0001,64,10,0.36781609058380127,0.3720930218696594,0.09259986877441406,cong_voting
[2],tanh,0.0001,64,15,0.36781609058380127,0.3720930218696594,0.36693882942199707,cong_voting
[2],tanh,0.0001,64,20,0.36781609058380127,0.3720930218696594,0.19317102432250977,cong_voting
[2],tanh,0.0001,128,10,0.36781609058380127,0.3720930218696594,0.2012779712677002,cong_voting
[2],tanh,0.0001,128,15,0.36781609058380127,0.3720930218696594,0.12542009353637695,cong_voting
[2],tanh,0.0001,128,20,0.36781609058380127,0.3720930218696594,0.17322587966918945,cong_voting
[2],relu,0.01,32,10,0.6494252681732178,0.6279069781303406,0.12822604179382324,cong_voting
[2],relu,0.01,32,15,0.6551724076271057,0.6511628031730652,0.15937519073486328,cong_voting
[2],relu,0.01,32,20,0.6609195470809937,0.6976743936538696,0.24425125122070312,cong_voting
[2],relu,0.01,64,10,0.6379310488700867,0.6511628031730652,0.11352300643920898,cong_voting
[2],relu,0.01,64,15,0.6379310488700867,0.6279069781303406,0.11811494827270508,cong_voting
[2],relu,0.01,64,20,0.6494252681732178,0.6279069781303406,0.13479089736938477,cong_voting
[2],relu,0.01,128,10,0.6321839094161987,0.6511628031730652,0.05485105514526367,cong_voting
[2],relu,0.01,128,15,0.6321839094161987,0.6511628031730652,0.0821678638458252,cong_voting
[2],relu,0.01,128,20,0.6379310488700867,0.6511628031730652,0.10272622108459473,cong_voting
[2],relu,0.001,32,10,0.6379310488700867,0.6511628031730652,0.11178183555603027,cong_voting
[2],relu,0.001,32,15,0.6379310488700867,0.6511628031730652,0.2586240768432617,cong_voting
[2],relu,0.001,32,20,0.6436781883239746,0.6511628031730652,0.355114221572876,cong_voting
[2],relu,0.001,64,10,0.6379310488700867,0.6511628031730652,0.29173707962036133,cong_voting
[2],relu,0.001,64,15,0.6379310488700867,0.6511628031730652,0.268064022064209,cong_voting
[2],relu,0.001,64,20,0.6379310488700867,0.6511628031730652,0.24286580085754395,cong_voting
[2],relu,0.001,128,10,0.6379310488700867,0.6744186282157898,0.18421196937561035,cong_voting
[2],relu,0.001,128,15,0.6379310488700867,0.6511628031730652,0.1839597225189209,cong_voting
[2],relu,0.001,128,20,0.6379310488700867,0.6511628031730652,0.19075298309326172,cong_voting
[2],relu,0.0001,32,10,0.6781609058380127,0.6744186282157898,0.12511229515075684,cong_voting
[2],relu,0.0001,32,15,0.6781609058380127,0.6744186282157898,0.21474099159240723,cong_voting
[2],relu,0.0001,32,20,0.6724137663841248,0.6976743936538696,0.3955509662628174,cong_voting
[2],relu,0.0001,64,10,0.6954023241996765,0.6744186282157898,0.14117217063903809,cong_voting
[2],relu,0.0001,64,15,0.6839080452919006,0.6744186282157898,0.20560622215270996,cong_voting
[2],relu,0.0001,64,20,0.6781609058380127,0.6744186282157898,0.22432589530944824,cong_voting
[2],relu,0.0001,128,10,0.6954023241996765,0.6744186282157898,0.10711336135864258,cong_voting
[2],relu,0.0001,128,15,0.6954023241996765,0.6744186282157898,0.12947893142700195,cong_voting
[2],relu,0.0001,128,20,0.6839080452919006,0.6744186282157898,0.2737400531768799,cong_voting
[2],sigmoid,0.01,32,10,0.6724137663841248,0.6976743936538696,0.2737159729003906,cong_voting
[2],sigmoid,0.01,32,15,0.4195402264595032,0.41860464215278625,0.2503092288970947,cong_voting
[2],sigmoid,0.01,32,20,0.3965517282485962,0.3720930218696594,0.3489060401916504,cong_voting
[2],sigmoid,0.01,64,10,0.6896551847457886,0.6279069781303406,0.10103511810302734,cong_voting
[2],sigmoid,0.01,64,15,0.6034482717514038,0.5116279125213623,0.1473391056060791,cong_voting
[2],sigmoid,0.01,64,20,0.7413793206214905,0.6976743936538696,0.20809316635131836,cong_voting
[2],sigmoid,0.01,128,10,0.7241379022598267,0.6976743936538696,0.08487510681152344,cong_voting
[2],sigmoid,0.01,128,15,0.6839080452919006,0.6744186282157898,0.11963081359863281,cong_voting
[2],sigmoid,0.01,128,20,0.6551724076271057,0.6511628031730652,0.1589369773864746,cong_voting
[2],sigmoid,0.001,32,10,0.36781609058380127,0.3720930218696594,0.18282389640808105,cong_voting
[2],sigmoid,0.001,32,15,0.36781609058380127,0.3720930218696594,0.4180419445037842,cong_voting
[2],sigmoid,0.001,32,20,0.36781609058380127,0.3720930218696594,0.5093021392822266,cong_voting
[2],sigmoid,0.001,64,10,0.36781609058380127,0.3720930218696594,0.14186406135559082,cong_voting
[2],sigmoid,0.001,64,15,0.36781609058380127,0.3720930218696594,0.22887301445007324,cong_voting
[2],sigmoid,0.001,64,20,0.36781609058380127,0.3720930218696594,0.2440638542175293,cong_voting
[2],sigmoid,0.001,128,10,0.36781609058380127,0.3720930218696594,0.3051469326019287,cong_voting
[2],sigmoid,0.001,128,15,0.36781609058380127,0.3720930218696594,0.608468770980835,cong_voting
[2],sigmoid,0.001,128,20,0.36781609058380127,0.3720930218696594,0.2784309387207031,cong_voting
[2],sigmoid,0.0001,32,10,0.36781609058380127,0.3720930218696594,0.20821499824523926,cong_voting
[2],sigmoid,0.0001,32,15,0.36781609058380127,0.3720930218696594,0.33402490615844727,cong_voting
[2],sigmoid,0.0001,32,20,0.36781609058380127,0.3720930218696594,0.36631226539611816,cong_voting
[2],sigmoid,0.0001,64,10,0.36781609058380127,0.3720930218696594,0.13313889503479004,cong_voting
[2],sigmoid,0.0001,64,15,0.36781609058380127,0.3720930218696594,0.15938186645507812,cong_voting
[2],sigmoid,0.0001,64,20,0.36781609058380127,0.3720930218696594,0.15593981742858887,cong_voting
[2],sigmoid,0.0001,128,10,0.36781609058380127,0.3720930218696594,0.07938599586486816,cong_voting
[2],sigmoid,0.0001,128,15,0.36781609058380127,0.3720930218696594,0.09904003143310547,cong_voting
[2],sigmoid,0.0001,128,20,0.36781609058380127,0.3720930218696594,0.12111997604370117,cong_voting
"[4, 4]",tanh,0.01,32,10,0.6436781883239746,0.6744186282157898,0.1480717658996582,cong_voting
"[4, 4]",tanh,0.01,32,15,0.6551724076271057,0.6511628031730652,0.34922122955322266,cong_voting
"[4, 4]",tanh,0.01,32,20,0.6609195470809937,0.6511628031730652,0.4967970848083496,cong_voting
"[4, 4]",tanh,0.01,64,10,0.6436781883239746,0.6511628031730652,0.1316061019897461,cong_voting
"[4, 4]",tanh,0.01,64,15,0.6436781883239746,0.6744186282157898,0.17908382415771484,cong_voting
"[4, 4]",tanh,0.01,64,20,0.6494252681732178,0.6744186282157898,0.19741106033325195,cong_voting
"[4, 4]",tanh,0.01,128,10,0.6321839094161987,0.6511628031730652,0.06377720832824707,cong_voting
"[4, 4]",tanh,0.01,128,15,0.6436781883239746,0.6744186282157898,0.09560871124267578,cong_voting
"[4, 4]",tanh,0.01,128,20,0.6494252681732178,0.6744186282157898,0.21918201446533203,cong_voting
"[4, 4]",tanh,0.001,32,10,0.6321839094161987,0.6511628031730652,0.22195005416870117,cong_voting
"[4, 4]",tanh,0.001,32,15,0.6321839094161987,0.6511628031730652,0.33385205268859863,cong_voting
"[4, 4]",tanh,0.001,32,20,0.6321839094161987,0.6511628031730652,0.46097421646118164,cong_voting
"[4, 4]",tanh,0.001,64,10,0.6321839094161987,0.6279069781303406,0.10086417198181152,cong_voting
"[4, 4]",tanh,0.001,64,15,0.6321839094161987,0.6279069781303406,0.21752715110778809,cong_voting
"[4, 4]",tanh,0.001,64,20,0.6321839094161987,0.6511628031730652,0.30641674995422363,cong_voting
"[4, 4]",tanh,0.001,128,10,0.6321839094161987,0.6279069781303406,0.1640009880065918,cong_voting
"[4, 4]",tanh,0.001,128,15,0.6321839094161987,0.6279069781303406,0.12472414970397949,cong_voting
"[4, 4]",tanh,0.001,128,20,0.6321839094161987,0.6279069781303406,0.14432096481323242,cong_voting
"[4, 4]",tanh,0.0001,32,10,0.6321839094161987,0.6279069781303406,0.153364896774292,cong_voting
"[4, 4]",tanh,0.0001,32,15,0.6321839094161987,0.6279069781303406,0.3430182933807373,cong_voting
"[4, 4]",tanh,0.0001,32,20,0.6321839094161987,0.6279069781303406,0.4101860523223877,cong_voting
"[4, 4]",tanh,0.0001,64,10,0.6321839094161987,0.6279069781303406,0.16071724891662598,cong_voting
"[4, 4]",tanh,0.0001,64,15,0.6321839094161987,0.6279069781303406,0.2565000057220459,cong_voting
"[4, 4]",tanh,0.0001,64,20,0.6321839094161987,0.6279069781303406,0.2690238952636719,cong_voting
"[4, 4]",tanh,0.0001,128,10,0.6321839094161987,0.6279069781303406,0.10642409324645996,cong_voting
"[4, 4]",tanh,0.0001,128,15,0.6321839094161987,0.6279069781303406,0.16839385032653809,cong_voting
"[4, 4]",tanh,0.0001,128,20,0.6321839094161987,0.6279069781303406,0.22435474395751953,cong_voting
"[4, 4]",relu,0.01,32,10,0.6321839094161987,0.6511628031730652,0.20298385620117188,cong_voting
"[4, 4]",relu,0.01,32,15,0.6321839094161987,0.6511628031730652,0.29262399673461914,cong_voting
"[4, 4]",relu,0.01,32,20,0.6321839094161987,0.6511628031730652,0.30327796936035156,cong_voting
"[4, 4]",relu,0.01,64,10,0.6321839094161987,0.6511628031730652,0.13962697982788086,cong_voting
"[4, 4]",relu,0.01,64,15,0.6321839094161987,0.6511628031730652,0.20429587364196777,cong_voting
"[4, 4]",relu,0.01,64,20,0.6321839094161987,0.6511628031730652,0.20725297927856445,cong_voting
"[4, 4]",relu,0.01,128,10,0.6321839094161987,0.6279069781303406,0.11523199081420898,cong_voting
"[4, 4]",relu,0.01,128,15,0.6321839094161987,0.6511628031730652,0.18035197257995605,cong_voting
"[4, 4]",relu,0.01,128,20,0.6321839094161987,0.6511628031730652,0.1784062385559082,cong_voting
"[4, 4]",relu,0.001,32,10,0.6321839094161987,0.6279069781303406,0.23491907119750977,cong_voting
"[4, 4]",relu,0.001,32,15,0.6321839094161987,0.6279069781303406,0.25723791122436523,cong_voting
"[4, 4]",relu,0.001,32,20,0.6321839094161987,0.6279069781303406,0.38758206367492676,cong_voting
"[4, 4]",relu,0.001,64,10,0.6321839094161987,0.6279069781303406,0.14902114868164062,cong_voting
"[4, 4]",relu,0.001,64,15,0.6321839094161987,0.6279069781303406,0.16617298126220703,cong_voting
"[4, 4]",relu,0.001,64,20,0.6321839094161987,0.6279069781303406,0.28974175453186035,cong_voting
"[4, 4]",relu,0.001,128,10,0.6321839094161987,0.6279069781303406,0.12244987487792969,cong_voting
"[4, 4]",relu,0.001,128,15,0.6321839094161987,0.6279069781303406,0.1591660976409912,cong_voting
"[4, 4]",relu,0.001,128,20,0.6321839094161987,0.6279069781303406,0.23809313774108887,cong_voting
"[4, 4]",relu,0.0001,32,10,0.6321839094161987,0.6279069781303406,0.2153317928314209,cong_voting
"[4, 4]",relu,0.0001,32,15,0.6321839094161987,0.6279069781303406,0.3103771209716797,cong_voting
"[4, 4]",relu,0.0001,32,20,0.6321839094161987,0.6279069781303406,0.4680318832397461,cong_voting
"[4, 4]",relu,0.0001,64,10,0.6321839094161987,0.6279069781303406,0.16635584831237793,cong_voting
"[4, 4]",relu,0.0001,64,15,0.6321839094161987,0.6279069781303406,0.21763014793395996,cong_voting
"[4, 4]",relu,0.0001,64,20,0.6321839094161987,0.6279069781303406,0.26608991622924805,cong_voting
"[4, 4]",relu,0.0001,128,10,0.6321839094161987,0.6279069781303406,0.13590764999389648,cong_voting
"[4, 4]",relu,0.0001,128,15,0.6321839094161987,0.6279069781303406,0.16975903511047363,cong_voting
"[4, 4]",relu,0.0001,128,20,0.6321839094161987,0.6279069781303406,0.17025303840637207,cong_voting
"[4, 4]",sigmoid,0.01,32,10,0.6321839094161987,0.6511628031730652,0.13191485404968262,cong_voting
"[4, 4]",sigmoid,0.01,32,15,0.7011494040489197,0.6976743936538696,0.33413004875183105,cong_voting
"[4, 4]",sigmoid,0.01,32,20,0.39080458879470825,0.3720930218696594,0.3500051498413086,cong_voting
"[4, 4]",sigmoid,0.01,64,10,0.6321839094161987,0.6279069781303406,0.13327598571777344,cong_voting
"[4, 4]",sigmoid,0.01,64,15,0.6321839094161987,0.6279069781303406,0.14691472053527832,cong_voting
"[4, 4]",sigmoid,0.01,64,20,0.6551724076271057,0.6744186282157898,0.1531682014465332,cong_voting
"[4, 4]",sigmoid,0.01,128,10,0.6321839094161987,0.6279069781303406,0.07367992401123047,cong_voting
"[4, 4]",sigmoid,0.01,128,15,0.6321839094161987,0.6279069781303406,0.21580076217651367,cong_voting
"[4, 4]",sigmoid,0.01,128,20,0.6321839094161987,0.6279069781303406,0.17139720916748047,cong_voting
"[4, 4]",sigmoid,0.001,32,10,0.6321839094161987,0.6279069781303406,0.1981649398803711,cong_voting
"[4, 4]",sigmoid,0.001,32,15,0.6321839094161987,0.6279069781303406,0.43597912788391113,cong_voting
"[4, 4]",sigmoid,0.001,32,20,0.6321839094161987,0.6279069781303406,0.3580281734466553,cong_voting
"[4, 4]",sigmoid,0.001,64,10,0.6321839094161987,0.6279069781303406,0.10818791389465332,cong_voting
"[4, 4]",sigmoid,0.001,64,15,0.6321839094161987,0.6279069781303406,0.1839292049407959,cong_voting
"[4, 4]",sigmoid,0.001,64,20,0.6321839094161987,0.6279069781303406,0.21684479713439941,cong_voting
"[4, 4]",sigmoid,0.001,128,10,0.6321839094161987,0.6279069781303406,0.13248896598815918,cong_voting
"[4, 4]",sigmoid,0.001,128,15,0.6321839094161987,0.6279069781303406,0.16120600700378418,cong_voting
"[4, 4]",sigmoid,0.001,128,20,0.6321839094161987,0.6279069781303406,0.1784529685974121,cong_voting
"[4, 4]",sigmoid,0.0001,32,10,0.6321839094161987,0.6279069781303406,0.17146587371826172,cong_voting
"[4, 4]",sigmoid,0.0001,32,15,0.6321839094161987,0.6279069781303406,0.2272961139678955,cong_voting
"[4, 4]",sigmoid,0.0001,32,20,0.6321839094161987,0.6279069781303406,0.5593571662902832,cong_voting
"[4, 4]",sigmoid,0.0001,64,10,0.6321839094161987,0.6279069781303406,0.13810992240905762,cong_voting
"[4, 4]",sigmoid,0.0001,64,15,0.6321839094161987,0.6279069781303406,0.20818090438842773,cong_voting
"[4, 4]",sigmoid,0.0001,64,20,0.6321839094161987,0.6279069781303406,0.2272629737854004,cong_voting
"[4, 4]",sigmoid,0.0001,128,10,0.6321839094161987,0.6279069781303406,0.11955618858337402,cong_voting
"[4, 4]",sigmoid,0.0001,128,15,0.6321839094161987,0.6279069781303406,0.13138318061828613,cong_voting
"[4, 4]",sigmoid,0.0001,128,20,0.6321839094161987,0.6279069781303406,0.16018390655517578,cong_voting
"[25, 30]",tanh,0.01,32,10,0.48275861144065857,0.4651162922382355,0.16759800910949707,cong_voting
"[25, 30]",tanh,0.01,32,15,0.4482758641242981,0.41860464215278625,0.2329258918762207,cong_voting
"[25, 30]",tanh,0.01,32,20,0.4367816150188446,0.41860464215278625,0.341052770614624,cong_voting
"[25, 30]",tanh,0.01,64,10,0.5057471394538879,0.4651162922382355,0.10230612754821777,cong_voting
"[25, 30]",tanh,0.01,64,15,0.44252872467041016,0.39534884691238403,0.2907421588897705,cong_voting
"[25, 30]",tanh,0.01,64,20,0.43103447556495667,0.41860464215278625,0.317608118057251,cong_voting
"[25, 30]",tanh,0.01,128,10,0.8103448152542114,0.8139534592628479,0.11317586898803711,cong_voting
"[25, 30]",tanh,0.01,128,15,0.45402297377586365,0.39534884691238403,0.1446821689605713,cong_voting
"[25, 30]",tanh,0.01,128,20,0.4252873659133911,0.41860464215278625,0.19359421730041504,cong_voting
"[25, 30]",tanh,0.001,32,10,0.37931033968925476,0.3720930218696594,0.1767902374267578,cong_voting
"[25, 30]",tanh,0.001,32,15,0.37931033968925476,0.3720930218696594,0.32320594787597656,cong_voting
"[25, 30]",tanh,0.001,32,20,0.37931033968925476,0.3720930218696594,0.43815088272094727,cong_voting
"[25, 30]",tanh,0.001,64,10,0.36781609058380127,0.3720930218696594,0.1332380771636963,cong_voting
"[25, 30]",tanh,0.001,64,15,0.3735632300376892,0.3720930218696594,0.23317813873291016,cong_voting
"[25, 30]",tanh,0.001,64,20,0.37931033968925476,0.3720930218696594,0.28287482261657715,cong_voting
"[25, 30]",tanh,0.001,128,10,0.36781609058380127,0.3720930218696594,0.12303876876831055,cong_voting
"[25, 30]",tanh,0.001,128,15,0.3735632300376892,0.3720930218696594,0.1674649715423584,cong_voting
"[25, 30]",tanh,0.001,128,20,0.3735632300376892,0.3720930218696594,0.2338881492614746,cong_voting
"[25, 30]",tanh,0.0001,32,10,0.36781609058380127,0.3720930218696594,0.3007469177246094,cong_voting
"[25, 30]",tanh,0.0001,32,15,0.36781609058380127,0.3720930218696594,0.32125306129455566,cong_voting
"[25, 30]",tanh,0.0001,32,20,0.36781609058380127,0.3720930218696594,0.43706512451171875,cong_voting
"[25, 30]",tanh,0.0001,64,10,0.36781609058380127,0.3720930218696594,0.18329691886901855,cong_voting
"[25, 30]",tanh,0.0001,64,15,0.36781609058380127,0.3720930218696594,0.20997309684753418,cong_voting
"[25, 30]",tanh,0.0001,64,20,0.36781609058380127,0.3720930218696594,0.31284499168395996,cong_voting
"[25, 30]",tanh,0.0001,128,10,0.36781609058380127,0.3720930218696594,0.11207318305969238,cong_voting
"[25, 30]",tanh,0.0001,128,15,0.36781609058380127,0.3720930218696594,0.3329198360443115,cong_voting
"[25, 30]",tanh,0.0001,128,20,0.36781609058380127,0.3720930218696594,0.20268011093139648,cong_voting
"[25, 30]",relu,0.01,32,10,0.6436781883239746,0.6511628031730652,0.22322630882263184,cong_voting
"[25, 30]",relu,0.01,32,15,0.6436781883239746,0.6511628031730652,0.31363606452941895,cong_voting
"[25, 30]",relu,0.01,32,20,0.6436781883239746,0.6511628031730652,0.45775675773620605,cong_voting
"[25, 30]",relu,0.01,64,10,0.6551724076271057,0.6279069781303406,0.12437009811401367,cong_voting
"[25, 30]",relu,0.01,64,15,0.6551724076271057,0.6279069781303406,0.17236018180847168,cong_voting
"[25, 30]",relu,0.01,64,20,0.6551724076271057,0.6279069781303406,0.22433209419250488,cong_voting
"[25, 30]",relu,0.01,128,10,0.6551724076271057,0.6511628031730652,0.11285185813903809,cong_voting
"[25, 30]",relu,0.01,128,15,0.6551724076271057,0.6511628031730652,0.16504693031311035,cong_voting
"[25, 30]",relu,0.01,128,20,0.6551724076271057,0.6511628031730652,0.19316673278808594,cong_voting
"[25, 30]",relu,0.001,32,10,0.6609195470809937,0.6511628031730652,0.22297406196594238,cong_voting
"[25, 30]",relu,0.001,32,15,0.6781609058380127,0.6976743936538696,0.3951089382171631,cong_voting
"[25, 30]",relu,0.001,32,20,0.9482758641242981,0.930232584476471,0.4461088180541992,cong_voting
"[25, 30]",relu,0.001,64,10,0.7816091775894165,0.7209302186965942,0.13036227226257324,cong_voting
"[25, 30]",relu,0.001,64,15,0.6724137663841248,0.6976743936538696,0.1858198642730713,cong_voting
"[25, 30]",relu,0.001,64,20,0.6724137663841248,0.6976743936538696,0.16478705406188965,cong_voting
"[25, 30]",relu,0.001,128,10,0.43103447556495667,0.41860464215278625,0.09059000015258789,cong_voting
"[25, 30]",relu,0.001,128,15,0.7586206793785095,0.6976743936538696,0.17767119407653809,cong_voting
"[25, 30]",relu,0.001,128,20,0.6724137663841248,0.6744186282157898,0.19692397117614746,cong_voting
"[25, 30]",relu,0.0001,32,10,0.36781609058380127,0.3720930218696594,0.2590138912200928,cong_voting
"[25, 30]",relu,0.0001,32,15,0.3735632300376892,0.3720930218696594,0.3043217658996582,cong_voting
"[25, 30]",relu,0.0001,32,20,0.3735632300376892,0.3720930218696594,0.4740469455718994,cong_voting
"[25, 30]",relu,0.0001,64,10,0.36781609058380127,0.3720930218696594,0.15207314491271973,cong_voting
"[25, 30]",relu,0.0001,64,15,0.36781609058380127,0.3720930218696594,0.16278386116027832,cong_voting
"[25, 30]",relu,0.0001,64,20,0.36781609058380127,0.3720930218696594,0.21128606796264648,cong_voting
"[25, 30]",relu,0.0001,128,10,0.36781609058380127,0.3720930218696594,0.06964898109436035,cong_voting
"[25, 30]",relu,0.0001,128,15,0.36781609058380127,0.3720930218696594,0.13054919242858887,cong_voting
"[25, 30]",relu,0.0001,128,20,0.36781609058380127,0.3720930218696594,0.20589900016784668,cong_voting
"[25, 30]",sigmoid,0.01,32,10,0.37931033968925476,0.3720930218696594,0.20378375053405762,cong_voting
"[25, 30]",sigmoid,0.01,32,15,0.37931033968925476,0.3720930218696594,0.36301088333129883,cong_voting
"[25, 30]",sigmoid,0.01,32,20,0.37931033968925476,0.3720930218696594,0.3777930736541748,cong_voting
"[25, 30]",sigmoid,0.01,64,10,0.477011501789093,0.4651162922382355,0.13213896751403809,cong_voting
"[25, 30]",sigmoid,0.01,64,15,0.37931033968925476,0.3720930218696594,0.19561314582824707,cong_voting
"[25, 30]",sigmoid,0.01,64,20,0.37931033968925476,0.3720930218696594,0.25182509422302246,cong_voting
"[25, 30]",sigmoid,0.01,128,10,0.6551724076271057,0.6511628031730652,0.10810494422912598,cong_voting
"[25, 30]",sigmoid,0.01,128,15,0.4080459773540497,0.41860464215278625,0.17111706733703613,cong_voting
"[25, 30]",sigmoid,0.01,128,20,0.39080458879470825,0.3720930218696594,0.18624591827392578,cong_voting
"[25, 30]",sigmoid,0.001,32,10,0.6321839094161987,0.6279069781303406,0.21966290473937988,cong_voting
"[25, 30]",sigmoid,0.001,32,15,0.6436781883239746,0.6511628031730652,0.3424229621887207,cong_voting
"[25, 30]",sigmoid,0.001,32,20,0.6551724076271057,0.6511628031730652,0.4159069061279297,cong_voting
"[25, 30]",sigmoid,0.001,64,10,0.6321839094161987,0.6279069781303406,0.1325087547302246,cong_voting
"[25, 30]",sigmoid,0.001,64,15,0.6321839094161987,0.6279069781303406,0.2250959873199463,cong_voting
"[25, 30]",sigmoid,0.001,64,20,0.6321839094161987,0.6279069781303406,0.2557098865509033,cong_voting
"[25, 30]",sigmoid,0.001,128,10,0.6321839094161987,0.6279069781303406,0.10390019416809082,cong_voting
"[25, 30]",sigmoid,0.001,128,15,0.6321839094161987,0.6279069781303406,0.13654804229736328,cong_voting
"[25, 30]",sigmoid,0.001,128,20,0.6321839094161987,0.6279069781303406,0.12015008926391602,cong_voting
"[25, 30]",sigmoid,0.0001,32,10,0.5632184147834778,0.5813953280448914,0.25241684913635254,cong_voting
"[25, 30]",sigmoid,0.0001,32,15,0.6321839094161987,0.6279069781303406,0.3626539707183838,cong_voting
"[25, 30]",sigmoid,0.0001,32,20,0.6321839094161987,0.6279069781303406,0.3306591510772705,cong_voting
"[25, 30]",sigmoid,0.0001,64,10,0.3735632300376892,0.3720930218696594,0.09481096267700195,cong_voting
"[25, 30]",sigmoid,0.0001,64,15,0.43103447556495667,0.39534884691238403,0.21024179458618164,cong_voting
"[25, 30]",sigmoid,0.0001,64,20,0.6321839094161987,0.6279069781303406,0.4740579128265381,cong_voting
"[25, 30]",sigmoid,0.0001,128,10,0.36781609058380127,0.3720930218696594,0.22339200973510742,cong_voting
"[25, 30]",sigmoid,0.0001,128,15,0.37931033968925476,0.3720930218696594,0.1885087490081787,cong_voting
"[25, 30]",sigmoid,0.0001,128,20,0.40229883790016174,0.3255814015865326,0.20186328887939453,cong_voting
"[20, 25, 30]",tanh,0.01,32,10,0.3850574791431427,0.3720930218696594,0.20821094512939453,cong_voting
"[20, 25, 30]",tanh,0.01,32,15,0.3850574791431427,0.3720930218696594,0.39647698402404785,cong_voting
"[20, 25, 30]",tanh,0.01,32,20,0.3850574791431427,0.3720930218696594,0.5112559795379639,cong_voting
"[20, 25, 30]",tanh,0.01,64,10,0.3850574791431427,0.3720930218696594,0.15818309783935547,cong_voting
"[20, 25, 30]",tanh,0.01,64,15,0.3850574791431427,0.3720930218696594,0.2577188014984131,cong_voting
"[20, 25, 30]",tanh,0.01,64,20,0.3850574791431427,0.3720930218696594,0.29503583908081055,cong_voting
"[20, 25, 30]",tanh,0.01,128,10,0.37931033968925476,0.3720930218696594,0.10946202278137207,cong_voting
"[20, 25, 30]",tanh,0.01,128,15,0.3850574791431427,0.3720930218696594,0.1708509922027588,cong_voting
"[20, 25, 30]",tanh,0.01,128,20,0.3850574791431427,0.39534884691238403,0.23973584175109863,cong_voting
"[20, 25, 30]",tanh,0.001,32,10,0.37931033968925476,0.3720930218696594,0.38632917404174805,cong_voting
"[20, 25, 30]",tanh,0.001,32,15,0.37931033968925476,0.3720930218696594,0.4318678379058838,cong_voting
"[20, 25, 30]",tanh,0.001,32,20,0.37931033968925476,0.3720930218696594,0.47707700729370117,cong_voting
"[20, 25, 30]",tanh,0.001,64,10,0.6264367699623108,0.6511628031730652,0.20152497291564941,cong_voting
"[20, 25, 30]",tanh,0.001,64,15,0.3333333432674408,0.3255814015865326,0.5236489772796631,cong_voting
"[20, 25, 30]",tanh,0.001,64,20,0.37931033968925476,0.3720930218696594,0.41643595695495605,cong_voting
"[20, 25, 30]",tanh,0.001,128,10,0.6264367699623108,0.6511628031730652,0.12456488609313965,cong_voting
"[20, 25, 30]",tanh,0.001,128,15,0.6264367699623108,0.6511628031730652,0.2272329330444336,cong_voting
"[20, 25, 30]",tanh,0.001,128,20,0.29885056614875793,0.3255814015865326,0.36601805686950684,cong_voting
"[20, 25, 30]",tanh,0.0001,32,10,0.6206896305084229,0.6279069781303406,0.1764850616455078,cong_voting
"[20, 25, 30]",tanh,0.0001,32,15,0.6206896305084229,0.6279069781303406,0.356799840927124,cong_voting
"[20, 25, 30]",tanh,0.0001,32,20,0.6206896305084229,0.6279069781303406,0.5336971282958984,cong_voting
"[20, 25, 30]",tanh,0.0001,64,10,0.6206896305084229,0.6279069781303406,0.3380460739135742,cong_voting
"[20, 25, 30]",tanh,0.0001,64,15,0.6206896305084229,0.6279069781303406,0.837181806564331,cong_voting
"[20, 25, 30]",tanh,0.0001,64,20,0.6206896305084229,0.6279069781303406,0.36765408515930176,cong_voting
"[20, 25, 30]",tanh,0.0001,128,10,0.6149425506591797,0.6279069781303406,0.12731122970581055,cong_voting
"[20, 25, 30]",tanh,0.0001,128,15,0.6206896305084229,0.6279069781303406,0.20348191261291504,cong_voting
"[20, 25, 30]",tanh,0.0001,128,20,0.6206896305084229,0.6279069781303406,0.25618410110473633,cong_voting
"[20, 25, 30]",relu,0.01,32,10,0.3850574791431427,0.3720930218696594,0.21911096572875977,cong_voting
"[20, 25, 30]",relu,0.01,32,15,0.37931033968925476,0.3720930218696594,0.3851640224456787,cong_voting
"[20, 25, 30]",relu,0.01,32,20,0.37931033968925476,0.3720930218696594,0.517564058303833,cong_voting
"[20, 25, 30]",relu,0.01,64,10,0.40229883790016174,0.41860464215278625,0.18224406242370605,cong_voting
"[20, 25, 30]",relu,0.01,64,15,0.3850574791431427,0.3720930218696594,0.2484281063079834,cong_voting
"[20, 25, 30]",relu,0.01,64,20,0.3735632300376892,0.3720930218696594,0.3065299987792969,cong_voting
"[20, 25, 30]",relu,0.01,128,10,0.6954023241996765,0.6511628031730652,0.11667513847351074,cong_voting
"[20, 25, 30]",relu,0.01,128,15,0.43103447556495667,0.44186046719551086,0.27225303649902344,cong_voting
"[20, 25, 30]",relu,0.01,128,20,0.3965517282485962,0.39534884691238403,0.28038597106933594,cong_voting
"[20, 25, 30]",relu,0.001,32,10,0.36781609058380127,0.3720930218696594,0.18360424041748047,cong_voting
"[20, 25, 30]",relu,0.001,32,15,0.3735632300376892,0.3720930218696594,0.24954628944396973,cong_voting
"[20, 25, 30]",relu,0.001,32,20,0.3735632300376892,0.3720930218696594,0.5512678623199463,cong_voting
"[20, 25, 30]",relu,0.001,64,10,0.36781609058380127,0.3720930218696594,0.1002950668334961,cong_voting
"[20, 25, 30]",relu,0.001,64,15,0.36781609058380127,0.3720930218696594,0.1410079002380371,cong_voting
"[20, 25, 30]",relu,0.001,64,20,0.3735632300376892,0.3720930218696594,0.19735002517700195,cong_voting
"[20, 25, 30]",relu,0.001,128,10,0.36781609058380127,0.3720930218696594,0.07619714736938477,cong_voting
"[20, 25, 30]",relu,0.001,128,15,0.36781609058380127,0.3720930218696594,0.1256248950958252,cong_voting
"[20, 25, 30]",relu,0.001,128,20,0.36781609058380127,0.3720930218696594,0.15882086753845215,cong_voting
"[20, 25, 30]",relu,0.0001,32,10,0.3735632300376892,0.3720930218696594,0.2843179702758789,cong_voting
"[20, 25, 30]",relu,0.0001,32,15,0.36781609058380127,0.3720930218696594,0.397061824798584,cong_voting
"[20, 25, 30]",relu,0.0001,32,20,0.36781609058380127,0.3720930218696594,0.5801088809967041,cong_voting
"[20, 25, 30]",relu,0.0001,64,10,0.3965517282485962,0.44186046719551086,0.17134475708007812,cong_voting
"[20, 25, 30]",relu,0.0001,64,15,0.39080458879470825,0.3720930218696594,0.21602392196655273,cong_voting
"[20, 25, 30]",relu,0.0001,64,20,0.3735632300376892,0.3720930218696594,0.322706937789917,cong_voting
"[20, 25, 30]",relu,0.0001,128,10,0.45402297377586365,0.4883720874786377,0.09291291236877441,cong_voting
"[20, 25, 30]",relu,0.0001,128,15,0.39080458879470825,0.41860464215278625,0.18142914772033691,cong_voting
"[20, 25, 30]",relu,0.0001,128,20,0.39080458879470825,0.3720930218696594,0.6467907428741455,cong_voting
"[20, 25, 30]",sigmoid,0.01,32,10,0.39080458879470825,0.3720930218696594,0.37459778785705566,cong_voting
"[20, 25, 30]",sigmoid,0.01,32,15,0.37931033968925476,0.3720930218696594,0.4844968318939209,cong_voting
"[20, 25, 30]",sigmoid,0.01,32,20,0.37931033968925476,0.3720930218696594,0.58660888671875,cong_voting
"[20, 25, 30]",sigmoid,0.01,64,10,0.7183908224105835,0.6976743936538696,0.18350887298583984,cong_voting
"[20, 25, 30]",sigmoid,0.01,64,15,0.3965517282485962,0.3720930218696594,0.2678489685058594,cong_voting
"[20, 25, 30]",sigmoid,0.01,64,20,0.37931033968925476,0.3720930218696594,0.26062488555908203,cong_voting
"[20, 25, 30]",sigmoid,0.01,128,10,0.6666666865348816,0.6511628031730652,0.06265497207641602,cong_voting
"[20, 25, 30]",sigmoid,0.01,128,15,0.6781609058380127,0.6976743936538696,0.1696920394897461,cong_voting
"[20, 25, 30]",sigmoid,0.01,128,20,0.44252872467041016,0.44186046719551086,0.2528538703918457,cong_voting
"[20, 25, 30]",sigmoid,0.001,32,10,0.6321839094161987,0.6279069781303406,0.28037595748901367,cong_voting
"[20, 25, 30]",sigmoid,0.001,32,15,0.6321839094161987,0.6279069781303406,0.36967897415161133,cong_voting
"[20, 25, 30]",sigmoid,0.001,32,20,0.6321839094161987,0.6279069781303406,0.5215389728546143,cong_voting
"[20, 25, 30]",sigmoid,0.001,64,10,0.6321839094161987,0.6279069781303406,0.08971095085144043,cong_voting
"[20, 25, 30]",sigmoid,0.001,64,15,0.6321839094161987,0.6279069781303406,0.12751507759094238,cong_voting
"[20, 25, 30]",sigmoid,0.001,64,20,0.6321839094161987,0.6279069781303406,0.2422490119934082,cong_voting
"[20, 25, 30]",sigmoid,0.001,128,10,0.6321839094161987,0.6279069781303406,0.14071917533874512,cong_voting
"[20, 25, 30]",sigmoid,0.001,128,15,0.6321839094161987,0.6279069781303406,0.11851692199707031,cong_voting
"[20, 25, 30]",sigmoid,0.001,128,20,0.6321839094161987,0.6279069781303406,0.13606023788452148,cong_voting
"[20, 25, 30]",sigmoid,0.0001,32,10,0.6321839094161987,0.6279069781303406,0.23796892166137695,cong_voting
"[20, 25, 30]",sigmoid,0.0001,32,15,0.6321839094161987,0.6279069781303406,0.38591623306274414,cong_voting
"[20, 25, 30]",sigmoid,0.0001,32,20,0.6321839094161987,0.6279069781303406,0.49799394607543945,cong_voting
"[20, 25, 30]",sigmoid,0.0001,64,10,0.6321839094161987,0.6279069781303406,0.15792107582092285,cong_voting
"[20, 25, 30]",sigmoid,0.0001,64,15,0.6321839094161987,0.6279069781303406,0.17818689346313477,cong_voting
"[20, 25, 30]",sigmoid,0.0001,64,20,0.6321839094161987,0.6279069781303406,0.3157029151916504,cong_voting
"[20, 25, 30]",sigmoid,0.0001,128,10,0.6321839094161987,0.6279069781303406,0.12232184410095215,cong_voting
"[20, 25, 30]",sigmoid,0.0001,128,15,0.6321839094161987,0.6279069781303406,0.18148517608642578,cong_voting
"[20, 25, 30]",sigmoid,0.0001,128,20,0.6321839094161987,0.6279069781303406,0.2638278007507324,cong_voting
[2],tanh,0.01,32,10,0.8884066939353943,0.8831027150154114,23.61622381210327,bank_marketing
[2],tanh,0.01,32,15,0.8884066939353943,0.8831027150154114,28.138588905334473,bank_marketing
[2],tanh,0.01,32,20,0.8884066939353943,0.8831027150154114,45.4876492023468,bank_marketing
[2],tanh,0.01,64,10,0.8884066939353943,0.8831027150154114,10.581957817077637,bank_marketing
[2],tanh,0.01,64,15,0.8884066939353943,0.8831027150154114,15.439294338226318,bank_marketing
[2],tanh,0.01,64,20,0.8884066939353943,0.8831027150154114,18.86000394821167,bank_marketing
[2],tanh,0.01,128,10,0.8884066939353943,0.8831027150154114,6.3422510623931885,bank_marketing
[2],tanh,0.01,128,15,0.8884066939353943,0.8831027150154114,9.472934007644653,bank_marketing
[2],tanh,0.01,128,20,0.8884066939353943,0.8831027150154114,12.464553117752075,bank_marketing
[2],tanh,0.001,32,10,0.8884066939353943,0.8831027150154114,14.816855907440186,bank_marketing
[2],tanh,0.001,32,15,0.8884066939353943,0.8831027150154114,21.77867317199707,bank_marketing
[2],tanh,0.001,32,20,0.8884066939353943,0.8831027150154114,30.15421485900879,bank_marketing
[2],tanh,0.001,64,10,0.8884066939353943,0.8831027150154114,9.201282978057861,bank_marketing
[2],tanh,0.001,64,15,0.8884066939353943,0.8831027150154114,13.373355865478516,bank_marketing
[2],tanh,0.001,64,20,0.8884066939353943,0.8831027150154114,18.38617491722107,bank_marketing
[2],tanh,0.001,128,10,0.8884066939353943,0.8831027150154114,7.095979928970337,bank_marketing
[2],tanh,0.001,128,15,0.8884066939353943,0.8831027150154114,9.804371118545532,bank_marketing
[2],tanh,0.001,128,20,0.8884066939353943,0.8831027150154114,12.726079225540161,bank_marketing
[2],tanh,0.0001,32,10,0.8884066939353943,0.8831027150154114,14.33363389968872,bank_marketing
[2],tanh,0.0001,32,15,0.8884066939353943,0.8831027150154114,22.74091601371765,bank_marketing
[2],tanh,0.0001,32,20,0.8884066939353943,0.8831027150154114,30.162807941436768,bank_marketing
[2],tanh,0.0001,64,10,0.8884066939353943,0.8831027150154114,8.979343891143799,bank_marketing
[2],tanh,0.0001,64,15,0.8884066939353943,0.8831027150154114,13.519706964492798,bank_marketing
[2],tanh,0.0001,64,20,0.8884066939353943,0.8831027150154114,17.582682847976685,bank_marketing
[2],tanh,0.0001,128,10,0.8884066939353943,0.8831027150154114,6.304560899734497,bank_marketing
[2],tanh,0.0001,128,15,0.8884066939353943,0.8831027150154114,9.349935293197632,bank_marketing
[2],tanh,0.0001,128,20,0.8884066939353943,0.8831027150154114,13.098422050476074,bank_marketing
[2],relu,0.01,32,10,0.8884066939353943,0.8831027150154114,16.22706699371338,bank_marketing
[2],relu,0.01,32,15,0.8884066939353943,0.8831027150154114,22.24747085571289,bank_marketing
[2],relu,0.01,32,20,0.8884066939353943,0.8831027150154114,29.819910287857056,bank_marketing
[2],relu,0.01,64,10,0.8884066939353943,0.8831027150154114,12.97202467918396,bank_marketing
[2],relu,0.01,64,15,0.8884066939353943,0.8831027150154114,20.959442853927612,bank_marketing
[2],relu,0.01,64,20,0.8884066939353943,0.8831027150154114,36.23960518836975,bank_marketing
[2],relu,0.01,128,10,0.8884066939353943,0.8831027150154114,21.24881386756897,bank_marketing
[2],relu,0.01,128,15,0.8884066939353943,0.8831027150154114,13.593379735946655,bank_marketing
[2],relu,0.01,128,20,0.8884066939353943,0.8831027150154114,14.7447030544281,bank_marketing
[2],relu,0.001,32,10,0.8884066939353943,0.8831027150154114,18.200515747070312,bank_marketing
[2],relu,0.001,32,15,0.8884066939353943,0.8831027150154114,32.962002992630005,bank_marketing
[2],relu,0.001,32,20,0.8884066939353943,0.8831027150154114,41.916346073150635,bank_marketing
[2],relu,0.001,64,10,0.8884066939353943,0.8831027150154114,12.629606246948242,bank_marketing
[2],relu,0.001,64,15,0.8884066939353943,0.8831027150154114,19.225595951080322,bank_marketing
[2],relu,0.001,64,20,0.8884066939353943,0.8831027150154114,25.11013698577881,bank_marketing
[2],relu,0.001,128,10,0.8884066939353943,0.8831027150154114,8.87902283668518,bank_marketing
[2],relu,0.001,128,15,0.8884066939353943,0.8831027150154114,12.858723163604736,bank_marketing
[2],relu,0.001,128,20,0.8884066939353943,0.8831027150154114,17.077945709228516,bank_marketing
[2],relu,0.0001,32,10,0.8884066939353943,0.8831027150154114,20.199236154556274,bank_marketing
[2],relu,0.0001,32,15,0.8884066939353943,0.8831027150154114,32.25149488449097,bank_marketing
[2],relu,0.0001,32,20,0.8884066939353943,0.8831027150154114,43.81468987464905,bank_marketing
[2],relu,0.0001,64,10,0.8884066939353943,0.8831027150154114,12.241880893707275,bank_marketing
[2],relu,0.0001,64,15,0.8884066939353943,0.8831027150154114,18.57582998275757,bank_marketing
[2],relu,0.0001,64,20,0.8884066939353943,0.8831027150154114,24.832234144210815,bank_marketing
[2],relu,0.0001,128,10,0.8884066939353943,0.8831027150154114,10.637849807739258,bank_marketing
[2],relu,0.0001,128,15,0.8884066939353943,0.8831027150154114,13.739591121673584,bank_marketing
[2],relu,0.0001,128,20,0.8884066939353943,0.8831027150154114,18.190866947174072,bank_marketing
[2],sigmoid,0.01,32,10,0.8884066939353943,0.8831027150154114,21.238740921020508,bank_marketing
[2],sigmoid,0.01,32,15,0.8884066939353943,0.8831027150154114,34.40987706184387,bank_marketing
[2],sigmoid,0.01,32,20,0.8884066939353943,0.8831027150154114,51.54316687583923,bank_marketing
[2],sigmoid,0.01,64,10,0.8884066939353943,0.8831027150154114,11.15062403678894,bank_marketing
[2],sigmoid,0.01,64,15,0.8884066939353943,0.8831027150154114,24.73287606239319,bank_marketing
[2],sigmoid,0.01,64,20,0.8884066939353943,0.8831027150154114,21.395169019699097,bank_marketing
[2],sigmoid,0.01,128,10,0.8884066939353943,0.8831027150154114,6.455782890319824,bank_marketing
[2],sigmoid,0.01,128,15,0.8884066939353943,0.8831027150154114,11.889325141906738,bank_marketing
[2],sigmoid,0.01,128,20,0.8884066939353943,0.8831027150154114,15.291712999343872,bank_marketing
[2],sigmoid,0.001,32,10,0.8884066939353943,0.8831027150154114,15.937366247177124,bank_marketing
[2],sigmoid,0.001,32,15,0.8884066939353943,0.8831027150154114,22.608469009399414,bank_marketing
[2],sigmoid,0.001,32,20,0.8884066939353943,0.8831027150154114,29.47104573249817,bank_marketing
[2],sigmoid,0.001,64,10,0.8884066939353943,0.8831027150154114,8.643939971923828,bank_marketing
[2],sigmoid,0.001,64,15,0.8884066939353943,0.8831027150154114,12.989474058151245,bank_marketing
[2],sigmoid,0.001,64,20,0.8884066939353943,0.8831027150154114,17.189508199691772,bank_marketing
[2],sigmoid,0.001,128,10,0.8884066939353943,0.8831027150154114,5.9648683071136475,bank_marketing
[2],sigmoid,0.001,128,15,0.8884066939353943,0.8831027150154114,8.979331731796265,bank_marketing
[2],sigmoid,0.001,128,20,0.8884066939353943,0.8831027150154114,12.163989067077637,bank_marketing
[2],sigmoid,0.0001,32,10,0.8884066939353943,0.8831027150154114,14.953356981277466,bank_marketing
[2],sigmoid,0.0001,32,15,0.8884066939353943,0.8831027150154114,21.596181869506836,bank_marketing
[2],sigmoid,0.0001,32,20,0.8884066939353943,0.8831027150154114,38.102378129959106,bank_marketing
[2],sigmoid,0.0001,64,10,0.8884066939353943,0.8831027150154114,8.631602764129639,bank_marketing
[2],sigmoid,0.0001,64,15,0.8884066939353943,0.8831027150154114,14.151078939437866,bank_marketing
[2],sigmoid,0.0001,64,20,0.8884066939353943,0.8831027150154114,18.067397117614746,bank_marketing
[2],sigmoid,0.0001,128,10,0.8884066939353943,0.8831027150154114,6.307314872741699,bank_marketing
[2],sigmoid,0.0001,128,15,0.8884066939353943,0.8831027150154114,10.102856874465942,bank_marketing
[2],sigmoid,0.0001,128,20,0.8884066939353943,0.8831027150154114,12.166155099868774,bank_marketing
"[4, 4]",tanh,0.01,32,10,0.8884066939353943,0.8831027150154114,15.92227816581726,bank_marketing
"[4, 4]",tanh,0.01,32,15,0.8884066939353943,0.8831027150154114,24.4302179813385,bank_marketing
"[4, 4]",tanh,0.01,32,20,0.8884066939353943,0.8831027150154114,32.02181100845337,bank_marketing
"[4, 4]",tanh,0.01,64,10,0.8884066939353943,0.8831027150154114,9.477542877197266,bank_marketing
"[4, 4]",tanh,0.01,64,15,0.8884066939353943,0.8831027150154114,14.3954758644104,bank_marketing
"[4, 4]",tanh,0.01,64,20,0.8884066939353943,0.8831027150154114,21.1839497089386,bank_marketing
"[4, 4]",tanh,0.01,128,10,0.8884066939353943,0.8831027150154114,6.439128637313843,bank_marketing
"[4, 4]",tanh,0.01,128,15,0.8884066939353943,0.8831027150154114,9.649911880493164,bank_marketing
"[4, 4]",tanh,0.01,128,20,0.8884066939353943,0.8831027150154114,13.251201152801514,bank_marketing
"[4, 4]",tanh,0.001,32,10,0.8884066939353943,0.8831027150154114,15.792886972427368,bank_marketing
"[4, 4]",tanh,0.001,32,15,0.8884066939353943,0.8831027150154114,23.478232860565186,bank_marketing
"[4, 4]",tanh,0.001,32,20,0.8884066939353943,0.8831027150154114,32.71543598175049,bank_marketing
"[4, 4]",tanh,0.001,64,10,0.8884066939353943,0.8831027150154114,9.771737098693848,bank_marketing
"[4, 4]",tanh,0.001,64,15,0.8884066939353943,0.8831027150154114,19.26737689971924,bank_marketing
"[4, 4]",tanh,0.001,64,20,0.8884066939353943,0.8831027150154114,24.651708126068115,bank_marketing
"[4, 4]",tanh,0.001,128,10,0.8884066939353943,0.8831027150154114,14.181154012680054,bank_marketing
"[4, 4]",tanh,0.001,128,15,0.8884066939353943,0.8831027150154114,15.282668113708496,bank_marketing
"[4, 4]",tanh,0.001,128,20,0.8884066939353943,0.8831027150154114,24.56763482093811,bank_marketing
"[4, 4]",tanh,0.0001,32,10,0.8884066939353943,0.8831027150154114,21.927741050720215,bank_marketing
"[4, 4]",tanh,0.0001,32,15,0.8884066939353943,0.8831027150154114,31.857239961624146,bank_marketing
"[4, 4]",tanh,0.0001,32,20,0.8884066939353943,0.8831027150154114,45.78580284118652,bank_marketing
"[4, 4]",tanh,0.0001,64,10,0.8884066939353943,0.8831027150154114,10.24820613861084,bank_marketing
"[4, 4]",tanh,0.0001,64,15,0.8884066939353943,0.8831027150154114,15.772566080093384,bank_marketing
"[4, 4]",tanh,0.0001,64,20,0.8884066939353943,0.8831027150154114,19.93743085861206,bank_marketing
"[4, 4]",tanh,0.0001,128,10,0.1115933209657669,0.11689730733633041,6.67376708984375,bank_marketing
"[4, 4]",tanh,0.0001,128,15,0.8884066939353943,0.8831027150154114,10.329115152359009,bank_marketing
"[4, 4]",tanh,0.0001,128,20,0.8884066939353943,0.8831027150154114,13.026303052902222,bank_marketing
"[4, 4]",relu,0.01,32,10,0.8884066939353943,0.8831027150154114,17.67168617248535,bank_marketing
"[4, 4]",relu,0.01,32,15,0.8884066939353943,0.8831027150154114,25.743410110473633,bank_marketing
"[4, 4]",relu,0.01,32,20,0.8884066939353943,0.8831027150154114,32.30825710296631,bank_marketing
"[4, 4]",relu,0.01,64,10,0.8884066939353943,0.8831027150154114,9.679471731185913,bank_marketing
"[4, 4]",relu,0.01,64,15,0.8884066939353943,0.8831027150154114,13.884145975112915,bank_marketing
"[4, 4]",relu,0.01,64,20,0.8884066939353943,0.8831027150154114,18.792191982269287,bank_marketing
"[4, 4]",relu,0.01,128,10,0.8884066939353943,0.8831027150154114,6.1541907787323,bank_marketing
"[4, 4]",relu,0.01,128,15,0.8884066939353943,0.8831027150154114,9.267916917800903,bank_marketing
"[4, 4]",relu,0.01,128,20,0.8884066939353943,0.8831027150154114,12.658583641052246,bank_marketing
"[4, 4]",relu,0.001,32,10,0.8884066939353943,0.8831027150154114,15.401482105255127,bank_marketing
"[4, 4]",relu,0.001,32,15,0.8884066939353943,0.8831027150154114,24.268605947494507,bank_marketing
"[4, 4]",relu,0.001,32,20,0.8884066939353943,0.8831027150154114,31.4653160572052,bank_marketing
"[4, 4]",relu,0.001,64,10,0.8884066939353943,0.8831027150154114,9.787538051605225,bank_marketing
"[4, 4]",relu,0.001,64,15,0.8884066939353943,0.8831027150154114,14.0054190158844,bank_marketing
"[4, 4]",relu,0.001,64,20,0.8884066939353943,0.8831027150154114,18.92068099975586,bank_marketing
"[4, 4]",relu,0.001,128,10,0.8884066939353943,0.8831027150154114,6.15491795539856,bank_marketing
"[4, 4]",relu,0.001,128,15,0.8884066939353943,0.8831027150154114,9.410679578781128,bank_marketing
"[4, 4]",relu,0.001,128,20,0.8884066939353943,0.8831027150154114,13.760945796966553,bank_marketing
"[4, 4]",relu,0.0001,32,10,0.8884066939353943,0.8831027150154114,16.41093420982361,bank_marketing
"[4, 4]",relu,0.0001,32,15,0.8884066939353943,0.8831027150154114,24.595170974731445,bank_marketing
"[4, 4]",relu,0.0001,32,20,0.8884066939353943,0.8831027150154114,41.16735577583313,bank_marketing
"[4, 4]",relu,0.0001,64,10,0.8884066939353943,0.8831027150154114,19.22199773788452,bank_marketing
"[4, 4]",relu,0.0001,64,15,0.8884066939353943,0.8831027150154114,20.969495058059692,bank_marketing
"[4, 4]",relu,0.0001,64,20,0.8884066939353943,0.8831027150154114,26.530577898025513,bank_marketing
"[4, 4]",relu,0.0001,128,10,0.8884066939353943,0.8831027150154114,12.874705076217651,bank_marketing
"[4, 4]",relu,0.0001,128,15,0.8884066939353943,0.8831027150154114,17.725372791290283,bank_marketing
"[4, 4]",relu,0.0001,128,20,0.8884066939353943,0.8831027150154114,18.29577898979187,bank_marketing
"[4, 4]",sigmoid,0.01,32,10,0.8884066939353943,0.8831027150154114,21.419688940048218,bank_marketing
"[4, 4]",sigmoid,0.01,32,15,0.8884066939353943,0.8831027150154114,33.30807304382324,bank_marketing
"[4, 4]",sigmoid,0.01,32,20,0.8884066939353943,0.8831027150154114,45.06333518028259,bank_marketing
"[4, 4]",sigmoid,0.01,64,10,0.8884066939353943,0.8831027150154114,18.329200983047485,bank_marketing
"[4, 4]",sigmoid,0.01,64,15,0.8884066939353943,0.8831027150154114,20.219063997268677,bank_marketing
"[4, 4]",sigmoid,0.01,64,20,0.8884066939353943,0.8831027150154114,28.30684208869934,bank_marketing
"[4, 4]",sigmoid,0.01,128,10,0.8884066939353943,0.8831027150154114,9.356884241104126,bank_marketing
"[4, 4]",sigmoid,0.01,128,15,0.8884066939353943,0.8831027150154114,12.853306770324707,bank_marketing
"[4, 4]",sigmoid,0.01,128,20,0.8884066939353943,0.8831027150154114,18.039964199066162,bank_marketing
"[4, 4]",sigmoid,0.001,32,10,0.8884066939353943,0.8831027150154114,22.073362827301025,bank_marketing
"[4, 4]",sigmoid,0.001,32,15,0.8884066939353943,0.8831027150154114,32.955151081085205,bank_marketing
"[4, 4]",sigmoid,0.001,32,20,0.8884066939353943,0.8831027150154114,42.81614899635315,bank_marketing
"[4, 4]",sigmoid,0.001,64,10,0.8884066939353943,0.8831027150154114,12.367710828781128,bank_marketing
"[4, 4]",sigmoid,0.001,64,15,0.8884066939353943,0.8831027150154114,18.81027388572693,bank_marketing
"[4, 4]",sigmoid,0.001,64,20,0.8884066939353943,0.8831027150154114,26.480773210525513,bank_marketing
"[4, 4]",sigmoid,0.001,128,10,0.8884066939353943,0.8831027150154114,8.910630941390991,bank_marketing
"[4, 4]",sigmoid,0.001,128,15,0.8884066939353943,0.8831027150154114,12.378827095031738,bank_marketing
"[4, 4]",sigmoid,0.001,128,20,0.8884066939353943,0.8831027150154114,16.601053953170776,bank_marketing
"[4, 4]",sigmoid,0.0001,32,10,0.8884066939353943,0.8831027150154114,21.279961824417114,bank_marketing
"[4, 4]",sigmoid,0.0001,32,15,0.8884066939353943,0.8831027150154114,31.649073123931885,bank_marketing
"[4, 4]",sigmoid,0.0001,32,20,0.8884066939353943,0.8831027150154114,48.59302616119385,bank_marketing
"[4, 4]",sigmoid,0.0001,64,10,0.8884066939353943,0.8831027150154114,13.103091955184937,bank_marketing
"[4, 4]",sigmoid,0.0001,64,15,0.8884066939353943,0.8831027150154114,19.075384855270386,bank_marketing
"[4, 4]",sigmoid,0.0001,64,20,0.8884066939353943,0.8831027150154114,25.427937984466553,bank_marketing
"[4, 4]",sigmoid,0.0001,128,10,0.8884066939353943,0.8831027150154114,8.259790182113647,bank_marketing
"[4, 4]",sigmoid,0.0001,128,15,0.8884066939353943,0.8831027150154114,16.953967809677124,bank_marketing
"[4, 4]",sigmoid,0.0001,128,20,0.8884066939353943,0.8831027150154114,22.849726915359497,bank_marketing
"[25, 30]",tanh,0.01,32,10,0.8884066939353943,0.8831027150154114,32.53433918952942,bank_marketing
"[25, 30]",tanh,0.01,32,15,0.8884066939353943,0.8831027150154114,38.65448999404907,bank_marketing
"[25, 30]",tanh,0.01,32,20,0.8884066939353943,0.8831027150154114,48.883131980895996,bank_marketing
"[25, 30]",tanh,0.01,64,10,0.8884066939353943,0.8831027150154114,16.144867658615112,bank_marketing
"[25, 30]",tanh,0.01,64,15,0.8884066939353943,0.8831027150154114,36.18110108375549,bank_marketing
"[25, 30]",tanh,0.01,64,20,0.8884066939353943,0.8831027150154114,37.42343878746033,bank_marketing
"[25, 30]",tanh,0.01,128,10,0.8884066939353943,0.8831027150154114,14.80154275894165,bank_marketing
"[25, 30]",tanh,0.01,128,15,0.8884066939353943,0.8831027150154114,22.745834589004517,bank_marketing
"[25, 30]",tanh,0.01,128,20,0.8884066939353943,0.8831027150154114,28.530586004257202,bank_marketing
"[25, 30]",tanh,0.001,32,10,0.8884066939353943,0.8831027150154114,42.358798027038574,bank_marketing
"[25, 30]",tanh,0.001,32,15,0.8884066939353943,0.8831027150154114,61.929758071899414,bank_marketing
"[25, 30]",tanh,0.001,32,20,0.8884066939353943,0.8831027150154114,77.65276598930359,bank_marketing
"[25, 30]",tanh,0.001,64,10,0.8884066939353943,0.8831027150154114,17.42927622795105,bank_marketing
"[25, 30]",tanh,0.001,64,15,0.8884066939353943,0.8831027150154114,30.267945051193237,bank_marketing
"[25, 30]",tanh,0.001,64,20,0.8884066939353943,0.8831027150154114,51.26622939109802,bank_marketing
"[25, 30]",tanh,0.001,128,10,0.8884066939353943,0.8831027150154114,15.480340003967285,bank_marketing
"[25, 30]",tanh,0.001,128,15,0.8884066939353943,0.8831027150154114,16.786921977996826,bank_marketing
"[25, 30]",tanh,0.001,128,20,0.8884066939353943,0.8831027150154114,23.89177393913269,bank_marketing
"[25, 30]",tanh,0.0001,32,10,0.8884066939353943,0.8831027150154114,25.53202199935913,bank_marketing
"[25, 30]",tanh,0.0001,32,15,0.8884066939353943,0.8831027150154114,41.83103704452515,bank_marketing
"[25, 30]",tanh,0.0001,32,20,0.8884066939353943,0.8831027150154114,51.616958141326904,bank_marketing
"[25, 30]",tanh,0.0001,64,10,0.8884066939353943,0.8831027150154114,15.033753871917725,bank_marketing
"[25, 30]",tanh,0.0001,64,15,0.8884066939353943,0.8831027150154114,22.743325233459473,bank_marketing
"[25, 30]",tanh,0.0001,64,20,0.8884066939353943,0.8831027150154114,31.34274196624756,bank_marketing
"[25, 30]",tanh,0.0001,128,10,0.8884066939353943,0.8831027150154114,10.969530820846558,bank_marketing
"[25, 30]",tanh,0.0001,128,15,0.8884066939353943,0.8831027150154114,15.901194095611572,bank_marketing
"[25, 30]",tanh,0.0001,128,20,0.8884066939353943,0.8831027150154114,21.722999095916748,bank_marketing
"[25, 30]",relu,0.01,32,10,0.8884066939353943,0.8831027150154114,25.964102268218994,bank_marketing
"[25, 30]",relu,0.01,32,15,0.8884066939353943,0.8831027150154114,39.15380096435547,bank_marketing
"[25, 30]",relu,0.01,32,20,0.8884066939353943,0.8831027150154114,52.310128927230835,bank_marketing
"[25, 30]",relu,0.01,64,10,0.8884066939353943,0.8831027150154114,14.858161926269531,bank_marketing
"[25, 30]",relu,0.01,64,15,0.8884066939353943,0.8831027150154114,22.400649070739746,bank_marketing
"[25, 30]",relu,0.01,64,20,0.8884066939353943,0.8831027150154114,29.31314992904663,bank_marketing
"[25, 30]",relu,0.01,128,10,0.8884066939353943,0.8831027150154114,9.537726163864136,bank_marketing
"[25, 30]",relu,0.01,128,15,0.8884066939353943,0.8831027150154114,14.457526922225952,bank_marketing
"[25, 30]",relu,0.01,128,20,0.8884066939353943,0.8831027150154114,20.048989057540894,bank_marketing
"[25, 30]",relu,0.001,32,10,0.8884066939353943,0.8831027150154114,23.29582691192627,bank_marketing
"[25, 30]",relu,0.001,32,15,0.8884066939353943,0.8831027150154114,35.828240156173706,bank_marketing
"[25, 30]",relu,0.001,32,20,0.8884066939353943,0.8831027150154114,48.23194098472595,bank_marketing
"[25, 30]",relu,0.001,64,10,0.8884066939353943,0.8831027150154114,14.235531091690063,bank_marketing
"[25, 30]",relu,0.001,64,15,0.8884066939353943,0.8831027150154114,22.10794973373413,bank_marketing
"[25, 30]",relu,0.001,64,20,0.8884066939353943,0.8831027150154114,29.131409168243408,bank_marketing
"[25, 30]",relu,0.001,128,10,0.8884066939353943,0.8831027150154114,8.891005754470825,bank_marketing
"[25, 30]",relu,0.001,128,15,0.8884066939353943,0.8831027150154114,13.885120868682861,bank_marketing
"[25, 30]",relu,0.001,128,20,0.8884066939353943,0.8831027150154114,18.2710280418396,bank_marketing
"[25, 30]",relu,0.0001,32,10,0.8884066939353943,0.8831027150154114,24.348217248916626,bank_marketing
"[25, 30]",relu,0.0001,32,15,0.8884066939353943,0.8831027150154114,34.796040058135986,bank_marketing
"[25, 30]",relu,0.0001,32,20,0.8884066939353943,0.8831027150154114,48.00180625915527,bank_marketing
"[25, 30]",relu,0.0001,64,10,0.8884066939353943,0.8831027150154114,15.02443814277649,bank_marketing
"[25, 30]",relu,0.0001,64,15,0.8884066939353943,0.8831027150154114,20.599298000335693,bank_marketing
"[25, 30]",relu,0.0001,64,20,0.8884066939353943,0.8831027150154114,27.546828985214233,bank_marketing
"[25, 30]",relu,0.0001,128,10,0.8884066939353943,0.8831027150154114,9.121202945709229,bank_marketing
"[25, 30]",relu,0.0001,128,15,0.8884066939353943,0.8831027150154114,13.682500123977661,bank_marketing
"[25, 30]",relu,0.0001,128,20,0.8884066939353943,0.8831027150154114,19.38840389251709,bank_marketing
"[25, 30]",sigmoid,0.01,32,10,0.8884066939353943,0.8831027150154114,25.72923231124878,bank_marketing
"[25, 30]",sigmoid,0.01,32,15,0.8884066939353943,0.8831027150154114,34.04777693748474,bank_marketing
"[25, 30]",sigmoid,0.01,32,20,0.8884066939353943,0.8831027150154114,45.63289284706116,bank_marketing
"[25, 30]",sigmoid,0.01,64,10,0.8884066939353943,0.8831027150154114,13.606409072875977,bank_marketing
"[25, 30]",sigmoid,0.01,64,15,0.8884066939353943,0.8831027150154114,21.585278034210205,bank_marketing
"[25, 30]",sigmoid,0.01,64,20,0.8884066939353943,0.8831027150154114,28.018233060836792,bank_marketing
"[25, 30]",sigmoid,0.01,128,10,0.8884066939353943,0.8831027150154114,8.933352947235107,bank_marketing
"[25, 30]",sigmoid,0.01,128,15,0.8884066939353943,0.8831027150154114,13.53846025466919,bank_marketing
"[25, 30]",sigmoid,0.01,128,20,0.8884066939353943,0.8831027150154114,17.7971830368042,bank_marketing
"[25, 30]",sigmoid,0.001,32,10,0.8884066939353943,0.8831027150154114,23.15007209777832,bank_marketing
"[25, 30]",sigmoid,0.001,32,15,0.8884066939353943,0.8831027150154114,36.05521082878113,bank_marketing
"[25, 30]",sigmoid,0.001,32,20,0.8884066939353943,0.8831027150154114,46.87025499343872,bank_marketing
"[25, 30]",sigmoid,0.001,64,10,0.8884066939353943,0.8831027150154114,13.656624794006348,bank_marketing
"[25, 30]",sigmoid,0.001,64,15,0.8884066939353943,0.8831027150154114,20.598644018173218,bank_marketing
"[25, 30]",sigmoid,0.001,64,20,0.8884066939353943,0.8831027150154114,28.72033429145813,bank_marketing
"[25, 30]",sigmoid,0.001,128,10,0.8884066939353943,0.8831027150154114,8.947318077087402,bank_marketing
"[25, 30]",sigmoid,0.001,128,15,0.8884066939353943,0.8831027150154114,13.321199178695679,bank_marketing
"[25, 30]",sigmoid,0.001,128,20,0.8884066939353943,0.8831027150154114,18.976389169692993,bank_marketing
"[25, 30]",sigmoid,0.0001,32,10,0.8884066939353943,0.8831027150154114,22.720970153808594,bank_marketing
"[25, 30]",sigmoid,0.0001,32,15,0.8884066939353943,0.8831027150154114,35.07692790031433,bank_marketing
"[25, 30]",sigmoid,0.0001,32,20,0.8884066939353943,0.8831027150154114,46.302407026290894,bank_marketing
"[25, 30]",sigmoid,0.0001,64,10,0.8884066939353943,0.8831027150154114,13.785360097885132,bank_marketing
"[25, 30]",sigmoid,0.0001,64,15,0.8884066939353943,0.8831027150154114,20.24527907371521,bank_marketing
"[25, 30]",sigmoid,0.0001,64,20,0.8884066939353943,0.8831027150154114,27.908636808395386,bank_marketing
"[25, 30]",sigmoid,0.0001,128,10,0.8884066939353943,0.8831027150154114,10.198073863983154,bank_marketing
"[25, 30]",sigmoid,0.0001,128,15,0.8884066939353943,0.8831027150154114,13.615324974060059,bank_marketing
"[25, 30]",sigmoid,0.0001,128,20,0.8884066939353943,0.8831027150154114,17.899396181106567,bank_marketing
"[20, 25, 30]",tanh,0.01,32,10,0.8884066939353943,0.8831027150154114,25.58349299430847,bank_marketing
"[20, 25, 30]",tanh,0.01,32,15,0.8884066939353943,0.8831027150154114,38.79348921775818,bank_marketing
"[20, 25, 30]",tanh,0.01,32,20,0.8884066939353943,0.8831027150154114,51.75850486755371,bank_marketing
"[20, 25, 30]",tanh,0.01,64,10,0.8884066939353943,0.8831027150154114,15.308885097503662,bank_marketing
"[20, 25, 30]",tanh,0.01,64,15,0.8884066939353943,0.8831027150154114,22.419463872909546,bank_marketing
"[20, 25, 30]",tanh,0.01,64,20,0.8884066939353943,0.8831027150154114,30.17178702354431,bank_marketing
"[20, 25, 30]",tanh,0.01,128,10,0.8884066939353943,0.8831027150154114,11.396750688552856,bank_marketing
"[20, 25, 30]",tanh,0.01,128,15,0.8884066939353943,0.8831027150154114,21.711329698562622,bank_marketing
"[20, 25, 30]",tanh,0.01,128,20,0.8884066939353943,0.8831027150154114,25.825495958328247,bank_marketing
"[20, 25, 30]",tanh,0.001,32,10,0.8884066939353943,0.8831027150154114,33.64572286605835,bank_marketing
"[20, 25, 30]",tanh,0.001,32,15,0.8884066939353943,0.8831027150154114,52.86792612075806,bank_marketing
"[20, 25, 30]",tanh,0.001,32,20,0.8884066939353943,0.8831027150154114,61.50945687294006,bank_marketing
"[20, 25, 30]",tanh,0.001,64,10,0.8884066939353943,0.8831027150154114,17.99072790145874,bank_marketing
"[20, 25, 30]",tanh,0.001,64,15,0.8884066939353943,0.8831027150154114,26.7789249420166,bank_marketing
"[20, 25, 30]",tanh,0.001,64,20,0.8884066939353943,0.8831027150154114,36.67090630531311,bank_marketing
"[20, 25, 30]",tanh,0.001,128,10,0.8884066939353943,0.8831027150154114,12.722782135009766,bank_marketing
"[20, 25, 30]",tanh,0.001,128,15,0.8884066939353943,0.8831027150154114,20.46946883201599,bank_marketing
"[20, 25, 30]",tanh,0.001,128,20,0.8884066939353943,0.8831027150154114,25.883121967315674,bank_marketing
"[20, 25, 30]",tanh,0.0001,32,10,0.8884066939353943,0.8831027150154114,31.04367995262146,bank_marketing
"[20, 25, 30]",tanh,0.0001,32,15,0.8884066939353943,0.8831027150154114,49.102339029312134,bank_marketing
"[20, 25, 30]",tanh,0.0001,32,20,0.8884066939353943,0.8831027150154114,61.66924476623535,bank_marketing
"[20, 25, 30]",tanh,0.0001,64,10,0.8884066939353943,0.8831027150154114,17.964985847473145,bank_marketing
"[20, 25, 30]",tanh,0.0001,64,15,0.8884066939353943,0.8831027150154114,29.104267120361328,bank_marketing
"[20, 25, 30]",tanh,0.0001,64,20,0.8884066939353943,0.8831027150154114,36.670729875564575,bank_marketing
"[20, 25, 30]",tanh,0.0001,128,10,0.8884066939353943,0.8831027150154114,12.790621995925903,bank_marketing
"[20, 25, 30]",tanh,0.0001,128,15,0.8884066939353943,0.8831027150154114,18.37003803253174,bank_marketing
"[20, 25, 30]",tanh,0.0001,128,20,0.8884066939353943,0.8831027150154114,25.71599316596985,bank_marketing
"[20, 25, 30]",relu,0.01,32,10,0.8884066939353943,0.8831027150154114,31.790709018707275,bank_marketing
"[20, 25, 30]",relu,0.01,32,15,0.8884066939353943,0.8831027150154114,47.9977343082428,bank_marketing
"[20, 25, 30]",relu,0.01,32,20,0.8884066939353943,0.8831027150154114,62.36294102668762,bank_marketing
"[20, 25, 30]",relu,0.01,64,10,0.8884066939353943,0.8831027150154114,19.297908067703247,bank_marketing
"[20, 25, 30]",relu,0.01,64,15,0.8884066939353943,0.8831027150154114,28.02974510192871,bank_marketing
"[20, 25, 30]",relu,0.01,64,20,0.8884066939353943,0.8831027150154114,36.040645122528076,bank_marketing
"[20, 25, 30]",relu,0.01,128,10,0.8884066939353943,0.8831027150154114,12.047280073165894,bank_marketing
"[20, 25, 30]",relu,0.01,128,15,0.8884066939353943,0.8831027150154114,17.99129295349121,bank_marketing
"[20, 25, 30]",relu,0.01,128,20,0.8884066939353943,0.8831027150154114,23.775710105895996,bank_marketing
"[20, 25, 30]",relu,0.001,32,10,0.8884066939353943,0.8831027150154114,31.95299005508423,bank_marketing
"[20, 25, 30]",relu,0.001,32,15,0.8884066939353943,0.8831027150154114,46.201517820358276,bank_marketing
"[20, 25, 30]",relu,0.001,32,20,0.8884066939353943,0.8831027150154114,62.33891797065735,bank_marketing
"[20, 25, 30]",relu,0.001,64,10,0.8884066939353943,0.8831027150154114,19.55569577217102,bank_marketing
"[20, 25, 30]",relu,0.001,64,15,0.8884066939353943,0.8831027150154114,27.461259126663208,bank_marketing
"[20, 25, 30]",relu,0.001,64,20,0.8884066939353943,0.8831027150154114,36.94404602050781,bank_marketing
"[20, 25, 30]",relu,0.001,128,10,0.8884066939353943,0.8831027150154114,11.729020118713379,bank_marketing
"[20, 25, 30]",relu,0.001,128,15,0.8884066939353943,0.8831027150154114,18.06159782409668,bank_marketing
"[20, 25, 30]",relu,0.001,128,20,0.8884066939353943,0.8831027150154114,23.265613079071045,bank_marketing
"[20, 25, 30]",relu,0.0001,32,10,0.8884066939353943,0.8831027150154114,33.87934112548828,bank_marketing
"[20, 25, 30]",relu,0.0001,32,15,0.8884066939353943,0.8831027150154114,47.484705686569214,bank_marketing
"[20, 25, 30]",relu,0.0001,32,20,0.8884066939353943,0.8831027150154114,62.73498511314392,bank_marketing
"[20, 25, 30]",relu,0.0001,64,10,0.8884066939353943,0.8831027150154114,18.710877895355225,bank_marketing
"[20, 25, 30]",relu,0.0001,64,15,0.8884066939353943,0.8831027150154114,27.544836282730103,bank_marketing
"[20, 25, 30]",relu,0.0001,64,20,0.8884066939353943,0.8831027150154114,37.2852668762207,bank_marketing
"[20, 25, 30]",relu,0.0001,128,10,0.8884066939353943,0.8831027150154114,11.8271963596344,bank_marketing
"[20, 25, 30]",relu,0.0001,128,15,0.8884066939353943,0.8831027150154114,18.17421317100525,bank_marketing
"[20, 25, 30]",relu,0.0001,128,20,0.8884066939353943,0.8831027150154114,24.5517680644989,bank_marketing
"[20, 25, 30]",sigmoid,0.01,32,10,0.8884066939353943,0.8831027150154114,32.32014584541321,bank_marketing
"[20, 25, 30]",sigmoid,0.01,32,15,0.8884066939353943,0.8831027150154114,46.14909911155701,bank_marketing
"[20, 25, 30]",sigmoid,0.01,32,20,0.8884066939353943,0.8831027150154114,64.2213339805603,bank_marketing
"[20, 25, 30]",sigmoid,0.01,64,10,0.8884066939353943,0.8831027150154114,18.272452116012573,bank_marketing
"[20, 25, 30]",sigmoid,0.01,64,15,0.8884066939353943,0.8831027150154114,26.956083059310913,bank_marketing
"[20, 25, 30]",sigmoid,0.01,64,20,0.8884066939353943,0.8831027150154114,37.5167338848114,bank_marketing
"[20, 25, 30]",sigmoid,0.01,128,10,0.8884066939353943,0.8831027150154114,12.000448942184448,bank_marketing
"[20, 25, 30]",sigmoid,0.01,128,15,0.8884066939353943,0.8831027150154114,17.873445749282837,bank_marketing
"[20, 25, 30]",sigmoid,0.01,128,20,0.8884066939353943,0.8831027150154114,25.19010281562805,bank_marketing
"[20, 25, 30]",sigmoid,0.001,32,10,0.8884066939353943,0.8831027150154114,31.87031579017639,bank_marketing
"[20, 25, 30]",sigmoid,0.001,32,15,0.8884066939353943,0.8831027150154114,47.121047019958496,bank_marketing
"[20, 25, 30]",sigmoid,0.001,32,20,0.8884066939353943,0.8831027150154114,63.285788774490356,bank_marketing
"[20, 25, 30]",sigmoid,0.001,64,10,0.8884066939353943,0.8831027150154114,19.145347833633423,bank_marketing
"[20, 25, 30]",sigmoid,0.001,64,15,0.8884066939353943,0.8831027150154114,28.31967782974243,bank_marketing
"[20, 25, 30]",sigmoid,0.001,64,20,0.8884066939353943,0.8831027150154114,37.14600491523743,bank_marketing
"[20, 25, 30]",sigmoid,0.001,128,10,0.8884066939353943,0.8831027150154114,11.831825017929077,bank_marketing
"[20, 25, 30]",sigmoid,0.001,128,15,0.8884066939353943,0.8831027150154114,18.398482084274292,bank_marketing
"[20, 25, 30]",sigmoid,0.001,128,20,0.8884066939353943,0.8831027150154114,25.068262338638306,bank_marketing
"[20, 25, 30]",sigmoid,0.0001,32,10,0.8884066939353943,0.8831027150154114,41.499444007873535,bank_marketing
"[20, 25, 30]",sigmoid,0.0001,32,15,0.8884066939353943,0.8831027150154114,52.113802909851074,bank_marketing
"[20, 25, 30]",sigmoid,0.0001,32,20,0.8884066939353943,0.8831027150154114,64.73464012145996,bank_marketing
"[20, 25, 30]",sigmoid,0.0001,64,10,0.8884066939353943,0.8831027150154114,18.293431043624878,bank_marketing
"[20, 25, 30]",sigmoid,0.0001,64,15,0.8884066939353943,0.8831027150154114,27.43726897239685,bank_marketing
"[20, 25, 30]",sigmoid,0.0001,64,20,0.8884066939353943,0.8831027150154114,37.997490882873535,bank_marketing
"[20, 25, 30]",sigmoid,0.0001,128,10,0.8884066939353943,0.8831027150154114,12.893646240234375,bank_marketing
"[20, 25, 30]",sigmoid,0.0001,128,15,0.8884066939353943,0.8831027150154114,18.17379403114319,bank_marketing
"[20, 25, 30]",sigmoid,0.0001,128,20,0.8884066939353943,0.8831027150154114,24.440933227539062,bank_marketing
